Product_ID,Month,Units_Produced,Units_Demanded,Units_Returned,Lead_Time_Days,Inventory_Level
P0146,2024-06,1318,4731,56,8,622
P0109,2023-11,4837,1876,408,9,2676
P0177,2025-06,4579,1549,406,27,1492
P0155,2024-04,749,4059,163,3,2015
P0154,2024-03,2695,1044,152,1,677
P0108,2025-04,1994,836,400,19,2865
P0097,2023-11,668,2005,190,15,96
P0058,2025-04,2419,2540,241,16,413
P0101,2025-05,773,581,63,9,171
P0083,2024-04,4597,5347,217,9,726
P0009,2024-10,611,758,365,11,2776
P0008,2025-09,3821,3029,164,3,1117
P0084,2023-10,4150,1882,84,12,886
P0092,2024-12,3710,2680,388,12,1915
P0024,2024-06,1263,5996,151,2,731
P0045,2025-06,4281,4039,457,18,1911
P0188,2024-08,4870,2208,193,25,513
P0010,2025-08,592,2437,217,19,1481
P0120,2025-06,4977,3279,200,25,355
P0012,2024-05,4438,516,47,4,1800
P0059,2025-06,379,3258,244,2,1606
P0082,2025-08,3015,1694,413,9,779
P0127,2023-10,3411,2474,294,3,929
P0104,2024-12,701,3825,248,2,2894
P0023,2024-01,1617,1176,99,17,2738
P0189,2024-08,4497,2585,190,23,1419
P0166,2025-05,331,1379,223,15,367
P0104,2024-01,4584,2743,56,26,637
P0094,2024-09,1665,5573,327,8,2053
P0055,2024-08,4975,4033,444,19,2500
P0117,2024-10,828,3471,2,7,48
P0053,2025-01,1696,1024,131,10,329
P0139,2024-08,2132,1258,254,17,2644
P0186,2024-04,898,4430,88,9,617
P0039,2024-07,339,4241,176,26,2350
P0095,2024-11,2386,4177,90,22,1421
P0016,2025-08,1967,701,399,19,1807
P0158,2024-01,4129,4904,22,6,1849
P0013,2024-01,1303,4801,238,1,1134
P0120,2025-06,990,2309,25,14,1044
P0092,2025-08,2086,3473,206,5,2701
P0116,2023-10,1296,3702,114,10,1227
P0099,2024-08,2170,2638,281,12,1561
P0114,2025-02,4328,4225,381,25,2504
P0182,2025-08,1181,5305,374,20,2007
P0146,2024-09,1732,2113,408,20,816
P0178,2023-12,267,5493,425,11,296
P0029,2025-03,4466,1082,202,19,18
P0132,2023-11,1294,5023,332,19,1398
P0191,2025-04,1870,4283,43,2,2187
P0037,2025-09,611,5007,0,16,566
P0036,2024-03,2606,1231,163,4,2405
P0148,2024-08,4532,5271,350,25,1537
P0019,2025-08,3206,1489,370,4,795
P0167,2024-05,1904,2667,277,21,681
P0007,2025-06,3448,4592,99,20,1794
P0027,2025-07,1341,3085,388,28,1671
P0116,2023-10,3465,1969,492,10,845
P0158,2024-07,4763,2935,116,24,2715
P0077,2025-07,3241,3907,402,16,468
P0097,2024-02,423,1286,367,9,889
P0125,2025-09,4661,5035,222,6,898
P0036,2025-07,2923,4005,470,5,1595
P0100,2025-03,4669,5191,316,10,2925
P0024,2024-03,419,2746,341,29,1330
P0064,2024-05,1364,4389,312,4,1229
P0097,2025-08,3318,5567,350,9,2171
P0153,2025-08,4017,1832,148,20,1170
P0086,2025-05,1603,572,322,2,1878
P0139,2024-06,3570,5561,52,9,134
P0193,2024-02,4734,4761,187,29,40
P0038,2025-04,2885,1119,60,9,911
P0092,2024-03,3262,3151,330,6,2740
P0089,2025-01,2622,2875,267,14,2230
P0144,2025-05,4331,3197,41,1,1651
P0175,2025-06,1661,2993,127,18,2947
P0137,2023-12,1353,1474,472,26,548
P0021,2025-04,2225,720,175,12,1919
P0142,2024-03,3436,2577,84,23,2385
P0021,2024-12,1583,975,198,1,1744
P0170,2024-04,1010,2753,222,6,277
P0021,2023-11,3525,5663,202,25,1387
P0066,2024-11,2512,1771,192,6,2657
P0147,2024-06,569,4384,205,27,2430
P0020,2024-10,4028,3232,430,23,1596
P0003,2023-10,3539,5989,278,4,870
P0163,2025-08,2253,147,483,11,1769
P0083,2024-10,2639,2904,298,26,1581
P0143,2024-06,1355,2961,324,29,281
P0146,2024-09,487,2976,39,28,1922
P0150,2024-01,3187,5609,311,1,1718
P0057,2025-04,935,512,68,27,1700
P0059,2024-09,4687,2210,65,1,2095
P0059,2025-05,3696,4929,165,8,419
P0017,2025-03,3944,517,69,21,2574
P0011,2024-12,370,2487,336,23,902
P0130,2024-11,1342,3277,132,25,670
P0138,2023-10,644,2477,333,3,1468
P0111,2025-08,1634,5456,227,12,1038
P0017,2024-10,1908,379,315,22,2956
P0090,2023-12,908,2997,302,6,2197
P0047,2024-09,1437,4582,237,6,945
P0119,2024-05,1672,5247,347,17,1203
P0195,2025-01,4111,2884,75,27,1195
P0166,2024-07,3547,5619,352,26,2902
P0051,2024-05,1093,1805,39,25,2835
P0124,2023-11,4710,870,279,25,1618
P0022,2024-08,2655,2820,17,29,2351
P0105,2023-11,2254,4923,121,24,2302
P0059,2023-12,713,4452,74,9,297
P0102,2025-01,4549,3990,237,14,1759
P0010,2024-10,454,4576,216,19,40
P0033,2025-01,1954,4685,242,13,102
P0121,2023-12,1109,3121,252,5,1053
P0006,2024-02,4802,2796,338,9,535
P0159,2025-09,2349,5446,451,28,612
P0026,2025-08,3642,5420,445,10,299
P0141,2024-03,2177,2863,262,4,2356
P0144,2025-01,904,3476,465,24,1168
P0036,2024-02,1807,873,270,7,1224
P0036,2025-05,737,5066,489,19,2638
P0045,2024-08,933,1616,111,17,1432
P0025,2024-05,2060,974,334,14,2571
P0112,2024-03,3999,2832,193,17,2893
P0152,2025-05,1122,956,360,26,2131
P0147,2025-05,3113,279,163,20,1581
P0193,2024-04,844,3456,58,14,300
P0157,2024-09,2459,4314,70,7,1906
P0093,2024-09,2427,5177,284,15,2980
P0045,2024-05,4899,5323,408,28,2333
P0190,2025-07,187,3372,438,28,2456
P0043,2024-09,2023,2232,20,12,2535
P0017,2023-10,3114,587,432,13,2139
P0103,2023-11,340,5486,11,18,2384
P0188,2023-11,4786,247,7,6,1049
P0025,2025-08,4908,4269,84,6,1990
P0097,2024-06,3996,5434,424,6,46
P0034,2024-10,1738,5984,23,3,2854
P0169,2023-12,838,3779,419,7,2643
P0142,2024-04,1212,5647,257,12,2538
P0112,2025-01,4259,4846,412,2,2439
P0057,2025-08,2418,3145,12,18,630
P0154,2025-05,302,4067,88,1,1435
P0018,2025-02,2857,318,6,27,1166
P0148,2023-12,4088,1438,238,22,464
P0199,2024-08,4017,826,295,15,2394
P0030,2025-07,1534,3408,483,11,2713
P0157,2024-06,176,2394,58,24,820
P0109,2025-04,4773,5268,441,27,2281
P0066,2024-01,1872,1650,355,29,2702
P0140,2023-10,1456,5094,394,20,1462
P0149,2024-05,421,3132,412,20,1014
P0034,2024-10,3237,3513,16,23,2256
P0038,2025-04,3621,238,140,8,88
P0097,2023-10,343,2734,8,12,84
P0070,2024-09,615,1050,477,18,1543
P0188,2025-05,4452,5739,169,5,611
P0085,2025-08,1308,3427,392,19,2337
P0121,2025-02,3750,2774,20,15,1015
P0184,2024-06,3238,3193,333,24,1387
P0187,2024-01,2756,4765,154,17,393
P0184,2024-08,113,2862,54,23,1741
P0092,2024-02,1124,5754,34,11,2122
P0058,2025-07,3118,3781,218,6,1308
P0073,2025-05,940,2181,423,18,1847
P0106,2024-05,2574,3349,88,14,1899
P0074,2025-04,4620,1170,267,6,103
P0055,2024-10,1547,3643,199,8,550
P0029,2024-04,3863,1025,412,12,815
P0112,2023-09,4565,2938,132,17,1696
P0083,2025-07,3126,1700,443,24,2345
P0118,2024-08,236,1909,229,10,474
P0032,2025-08,4424,5158,402,1,859
P0012,2025-05,1331,5726,418,29,1569
P0152,2024-05,656,1595,301,25,2476
P0116,2025-02,1718,2172,173,15,2211
P0170,2023-11,3190,4965,172,17,1055
P0193,2023-11,3662,4409,38,8,2129
P0175,2024-09,1867,1196,424,8,153
P0115,2024-11,230,2010,366,10,591
P0171,2025-01,3709,755,366,14,983
P0042,2024-02,1274,5836,344,25,426
P0118,2024-05,2528,783,273,15,1157
P0174,2023-12,4300,4211,186,10,819
P0013,2025-04,3922,1278,86,28,2363
P0029,2024-10,2915,2282,487,26,2637
P0130,2023-12,1350,5561,157,20,1107
P0127,2023-11,3808,4256,252,13,894
P0185,2025-03,3748,2849,320,19,345
P0192,2024-05,416,4464,473,20,1613
P0040,2025-08,1139,4406,467,14,1978
P0139,2024-07,634,4093,360,29,2603
P0051,2025-02,4656,2144,168,14,1145
P0179,2024-03,1963,4450,212,8,2967
P0133,2025-01,4829,5747,310,14,1094
P0183,2024-05,4230,2588,442,20,1346
P0177,2024-02,1688,5217,44,9,807
P0195,2024-07,4599,880,339,3,2137
P0182,2024-03,169,296,322,5,659
P0082,2024-12,4673,2373,16,24,2456
P0094,2024-12,1878,1142,90,15,1245
P0149,2025-01,2918,2112,337,24,237
P0075,2024-05,4535,5824,486,13,2886
P0077,2023-12,3473,2110,201,1,563
P0060,2024-06,1062,1881,275,7,2260
P0067,2023-12,1971,219,150,12,1812
P0144,2024-01,2646,3676,191,21,2864
P0026,2025-09,1639,2713,391,12,278
P0004,2024-03,1674,552,102,4,1547
P0101,2024-11,3828,4640,228,1,1475
P0090,2024-09,211,1089,448,4,1362
P0102,2025-08,359,3092,373,19,222
P0143,2025-02,1497,2048,59,17,1194
P0149,2024-11,4570,5150,6,9,2607
P0188,2025-06,1324,3194,131,7,2177
P0041,2024-09,1602,221,155,7,1226
P0077,2025-06,2804,2904,18,18,706
P0166,2024-06,2247,5459,133,27,1568
P0058,2024-03,4213,4776,377,29,2070
P0018,2025-04,4010,403,498,23,1515
P0048,2024-10,4987,4433,25,4,977
P0064,2024-09,4484,1895,295,20,2551
P0048,2025-07,2749,1902,484,25,2106
P0075,2025-08,1920,3086,373,4,2654
P0090,2025-01,3515,369,402,3,207
P0105,2025-05,3345,5763,464,21,2668
P0065,2025-03,3119,1491,92,22,1306
P0193,2024-07,2060,1223,240,24,1987
P0052,2023-11,636,4373,148,20,1450
P0176,2023-12,4594,289,4,25,821
P0135,2024-10,834,1388,400,19,2605
P0190,2025-01,3333,2050,421,21,438
P0142,2023-11,1451,3094,317,16,2157
P0105,2024-05,4990,3033,488,27,697
P0146,2024-11,175,3349,115,3,1895
P0141,2025-09,2114,4300,167,22,2184
P0100,2024-10,631,5172,262,3,1628
P0145,2024-11,1304,5474,154,16,301
P0119,2023-11,418,5936,117,23,1444
P0165,2024-10,500,4817,158,28,1362
P0177,2025-08,4418,750,353,11,2541
P0138,2024-02,1235,5094,189,12,2623
P0080,2024-02,4031,4150,25,3,72
P0023,2024-06,1520,5369,453,5,533
P0143,2024-03,708,5908,30,7,2036
P0071,2025-07,1533,5274,11,24,2968
P0163,2024-10,4504,1987,398,9,392
P0079,2025-06,1845,5930,253,12,1954
P0186,2024-11,4186,5027,313,6,2221
P0171,2025-07,1135,4056,384,22,2110
P0152,2024-08,731,5051,445,17,2153
P0039,2023-11,548,2732,58,22,1992
P0059,2023-10,620,4754,217,21,2768
P0033,2025-08,4672,5371,36,25,1352
P0034,2025-02,2367,1167,261,27,2053
P0023,2025-03,1589,2794,23,13,599
P0056,2023-11,4172,2913,46,20,1914
P0045,2024-06,2959,5912,447,13,1078
P0096,2024-06,1875,5626,121,20,1786
P0149,2025-04,630,4232,35,14,1917
P0192,2024-03,3513,680,491,27,1101
P0130,2024-08,3381,4986,82,15,2368
P0172,2024-04,4377,5432,311,18,1658
P0009,2025-02,940,370,337,11,1262
P0084,2025-06,1010,1317,229,23,695
P0169,2023-11,4716,213,79,11,849
P0079,2024-05,4058,4213,16,6,1885
P0168,2025-07,2540,5877,10,7,1136
P0058,2025-02,145,2354,259,9,1487
P0079,2025-05,2390,1950,377,2,657
P0122,2025-05,851,1966,79,13,1380
P0151,2024-12,2522,4449,392,16,2853
P0069,2025-06,3793,4818,470,26,2753
P0034,2024-06,3357,5728,73,24,1699
P0152,2024-03,3018,4655,217,27,1543
P0154,2024-04,4082,4900,108,8,1999
P0072,2024-06,3723,5190,483,9,1870
P0008,2024-05,356,1613,493,22,478
P0106,2023-12,555,3038,166,2,2691
P0120,2024-11,3963,1186,322,21,1632
P0198,2025-02,568,2541,339,18,2886
P0090,2025-06,1187,868,80,20,1102
P0034,2024-05,1607,4804,109,12,2031
P0180,2025-06,4289,4810,430,21,2884
P0172,2025-03,2453,2678,27,8,755
P0091,2024-04,2406,3033,384,10,2464
P0082,2024-08,4649,1530,35,9,2428
P0128,2025-06,4643,5524,472,15,1820
P0194,2024-01,124,935,352,29,246
P0153,2024-07,2203,5030,49,27,702
P0176,2025-08,1822,1555,340,11,792
P0009,2024-08,3588,1004,221,21,1938
P0144,2025-07,1376,3451,332,11,1436
P0197,2025-05,3277,4490,422,6,1236
P0115,2024-04,3919,5484,127,28,1102
P0025,2024-11,1990,882,127,17,1913
P0172,2025-08,388,716,177,1,1753
P0132,2023-10,1368,1838,150,17,1538
P0095,2025-02,2681,5330,180,2,1897
P0044,2025-08,764,861,389,24,1901
P0200,2024-06,709,5242,210,21,669
P0102,2025-02,2407,4716,137,11,1104
P0111,2025-08,4975,3817,271,10,1157
P0164,2024-01,3815,1903,204,3,1100
P0041,2025-04,1833,3570,21,5,591
P0017,2024-08,1105,4582,321,11,2896
P0125,2024-11,3140,5219,425,24,2752
P0197,2025-03,3997,356,89,7,712
P0019,2024-07,3671,1776,260,26,1656
P0144,2024-11,4164,686,221,18,2737
P0061,2024-12,4437,3489,420,26,76
P0011,2023-10,3576,2355,85,9,2907
P0130,2024-01,2597,5350,434,12,2500
P0005,2025-06,4282,1139,465,10,1335
P0064,2023-10,1519,5379,348,20,455
P0017,2025-09,818,2017,402,6,662
P0101,2023-10,1569,1470,259,2,1728
P0189,2025-01,3460,367,455,27,407
P0079,2025-05,2897,518,282,21,854
P0087,2024-08,2928,1270,310,22,532
P0182,2025-05,286,4852,348,2,1393
P0043,2024-04,639,4707,491,1,2913
P0082,2025-08,257,1516,96,15,470
P0165,2025-07,327,3154,262,14,741
P0195,2024-12,1136,1809,188,26,2424
P0034,2024-03,484,5764,482,11,2837
P0194,2025-01,4111,1842,67,27,2926
P0072,2024-06,3124,838,25,3,1000
P0109,2025-07,635,285,58,27,2349
P0156,2024-02,1290,3014,76,2,1302
P0186,2025-08,746,3398,202,12,2145
P0030,2024-12,888,5319,294,22,903
P0060,2024-01,1166,4802,33,27,750
P0182,2024-07,3359,5282,24,19,2647
P0075,2023-10,4859,4431,122,2,1835
P0085,2025-06,4005,1909,84,29,1145
P0180,2023-10,1767,3053,419,14,2078
P0188,2024-07,1975,465,488,23,2570
P0049,2023-11,2055,4531,488,17,2352
P0091,2025-06,412,5634,193,9,2029
P0108,2024-11,4029,342,216,15,1630
P0173,2025-03,3714,4632,351,1,1587
P0090,2025-04,4109,5632,448,5,437
P0053,2025-06,1281,2708,352,7,834
P0180,2025-06,2835,179,389,10,2584
P0192,2024-02,3673,3137,396,21,1615
P0038,2024-08,1708,3799,144,3,2188
P0071,2023-11,4748,2748,335,18,373
P0004,2024-09,259,1544,293,2,2066
P0049,2025-07,4126,5558,341,9,700
P0195,2024-12,147,1368,426,11,219
P0153,2024-07,3620,5341,296,16,296
P0085,2024-11,519,5858,454,22,1277
P0064,2025-02,4018,5081,257,14,2551
P0115,2024-04,4067,3267,384,4,2217
P0024,2025-01,4893,862,18,10,2738
P0065,2023-10,1514,2773,143,16,262
P0052,2024-01,2867,5832,33,10,2071
P0179,2024-01,4351,5918,220,7,697
P0114,2024-06,1813,714,199,18,2879
P0071,2024-05,367,242,473,20,2317
P0025,2025-08,764,690,266,17,2179
P0197,2025-06,2945,1695,201,11,928
P0050,2024-03,4078,1961,323,4,2705
P0140,2024-04,4383,374,434,23,283
P0020,2025-07,4935,2584,225,10,849
P0182,2024-11,466,768,176,9,1528
P0140,2024-10,4634,5958,406,11,484
P0156,2024-06,1882,1884,129,5,112
P0178,2024-07,1543,993,224,22,595
P0019,2025-07,3988,5003,415,7,185
P0182,2024-09,809,391,181,9,2851
P0102,2024-07,2649,5928,147,11,1470
P0062,2025-06,4486,3575,76,26,2879
P0115,2023-10,4616,1093,450,11,2570
P0007,2024-09,4415,2602,476,16,1650
P0068,2024-04,1559,4549,145,26,2847
P0087,2024-05,3448,4893,453,8,640
P0093,2024-02,2912,394,269,25,1941
P0169,2025-04,4634,4817,323,21,1685
P0080,2023-10,3604,4537,126,25,2485
P0169,2025-07,3488,2572,89,8,460
P0082,2024-02,4329,3989,75,2,1198
P0172,2023-11,981,1566,188,28,1822
P0164,2024-12,3350,4123,165,17,1053
P0058,2024-08,1403,4939,371,29,1369
P0139,2023-12,3981,2584,313,20,722
P0151,2024-07,2296,3913,475,28,136
P0087,2024-04,4598,1570,424,2,437
P0012,2024-04,4476,5900,133,19,1362
P0195,2025-03,1006,1621,229,13,2372
P0084,2024-08,687,4737,248,23,777
P0035,2024-10,255,1336,235,10,2144
P0097,2024-07,165,5024,387,14,2809
P0194,2024-04,1916,5899,327,5,728
P0172,2024-07,4965,556,171,3,2231
P0181,2023-12,4446,2951,94,2,2841
P0037,2024-06,3167,496,223,9,1660
P0024,2025-04,481,5649,259,7,2262
P0133,2025-06,2800,3546,27,25,11
P0157,2024-02,2075,2749,134,4,1445
P0051,2025-04,919,3871,136,3,1311
P0111,2025-06,4387,5733,450,14,1631
P0072,2025-02,3800,391,308,10,2525
P0018,2025-04,3259,3344,224,19,166
P0120,2024-12,1847,5697,403,19,354
P0121,2024-05,866,691,18,17,2619
P0104,2025-08,3823,5868,143,10,1744
P0157,2024-09,462,882,130,24,1942
P0077,2025-03,2064,5386,261,7,2675
P0033,2024-06,2766,4250,101,20,2491
P0041,2023-10,1236,1566,476,2,551
P0001,2024-12,1757,4786,369,7,2924
P0063,2024-05,4331,359,309,8,1739
P0122,2025-06,2137,5107,97,15,2872
P0082,2023-12,713,4718,461,17,1528
P0080,2025-04,3328,3667,281,28,2807
P0024,2024-06,2075,1091,33,14,2517
P0094,2024-06,3935,1145,264,8,2561
P0169,2024-05,1999,292,375,15,2113
P0054,2024-12,2731,1177,182,12,288
P0006,2025-02,4310,3005,416,29,452
P0186,2023-12,2760,4710,315,18,121
P0146,2025-05,2747,3651,402,15,727
P0069,2024-07,4567,4036,456,6,28
P0075,2024-05,969,2116,294,24,104
P0046,2023-11,3020,3897,5,29,363
P0113,2025-06,1550,4719,278,8,1509
P0120,2025-04,2534,1759,56,25,1073
P0099,2024-07,3576,1992,108,14,579
P0174,2025-03,1576,107,136,18,2118
P0138,2025-01,3236,5095,473,18,1752
P0082,2025-08,2609,4900,248,10,2433
P0023,2025-04,4693,3049,265,5,2694
P0037,2025-09,3495,1057,325,3,2669
P0088,2024-03,2678,5340,269,24,2759
P0160,2025-02,3858,2443,272,27,446
P0161,2025-08,1770,646,123,24,2809
P0172,2025-08,855,2018,451,8,2222
P0072,2025-06,3564,2965,110,27,540
P0173,2023-12,4682,3595,333,24,444
P0143,2024-04,2565,2469,23,24,1876
P0167,2024-03,269,1141,12,21,1748
P0032,2024-02,1392,5164,58,13,365
P0104,2025-05,4135,4229,254,12,926
P0031,2023-12,3847,1135,484,7,2080
P0105,2025-05,820,376,192,27,934
P0196,2025-04,3999,3699,37,29,269
P0142,2025-07,4465,5938,352,28,1313
P0014,2023-11,2636,2552,144,1,2206
P0051,2024-08,3793,2208,141,1,431
P0042,2025-01,2865,2163,464,24,2788
P0106,2025-04,2071,5917,429,5,2501
P0077,2025-01,2331,1335,143,12,1305
P0050,2023-12,4201,1912,70,4,732
P0031,2025-07,4023,499,489,7,2739
P0018,2023-11,1614,2094,430,13,1139
P0024,2025-07,1136,2308,75,16,31
P0016,2024-10,1694,4356,22,8,1796
P0139,2025-06,2460,4699,487,15,1971
P0150,2024-03,3473,4805,111,26,2429
P0051,2024-01,2261,5362,389,23,700
P0164,2024-12,1432,4516,234,25,1913
P0195,2024-09,266,4927,249,25,1352
P0014,2024-09,1143,5763,421,10,2192
P0099,2024-01,2551,3463,29,25,1573
P0105,2024-07,197,3126,21,25,1216
P0083,2025-03,789,4507,0,25,2452
P0139,2024-10,3969,1723,497,17,1844
P0098,2024-10,1861,3302,123,11,1805
P0124,2024-09,2767,1265,450,21,199
P0142,2024-07,4301,579,103,26,2328
P0194,2025-02,1598,2607,39,16,1553
P0109,2025-07,1690,4442,256,15,1868
P0078,2025-03,3540,1218,484,1,2519
P0120,2023-10,4894,4231,99,6,951
P0026,2025-02,1506,5187,480,7,217
P0077,2024-04,3311,4739,431,11,1919
P0019,2024-03,2823,1075,101,5,2529
P0078,2025-03,714,4690,364,2,2828
P0042,2024-01,485,919,294,15,231
P0106,2023-10,2271,2032,299,25,1933
P0011,2024-11,2189,1454,176,8,732
P0163,2024-10,1629,1110,316,1,90
P0170,2024-10,261,4270,496,24,680
P0098,2024-02,4041,3836,111,1,2877
P0040,2024-09,3970,4515,330,14,2039
P0118,2025-01,3496,4072,181,15,1401
P0004,2023-12,4599,224,365,28,1308
P0176,2024-08,686,3362,381,11,149
P0097,2024-12,706,3896,223,5,2124
P0138,2025-01,3039,2630,18,26,859
P0102,2024-06,188,3247,276,7,2828
P0173,2025-05,487,3223,74,22,85
P0087,2024-08,4792,529,469,2,685
P0008,2025-09,1484,304,18,3,2906
P0103,2024-08,3812,4390,155,6,1117
P0076,2024-07,1037,4143,479,3,953
P0018,2024-11,4886,375,345,1,2158
P0067,2024-01,4820,1802,274,2,1192
P0113,2024-03,3464,3735,142,9,1171
P0132,2024-07,4952,3733,260,11,2914
P0021,2023-10,406,140,11,3,50
P0188,2025-04,3736,2913,492,19,1649
P0073,2024-07,2660,5646,22,5,889
P0044,2025-06,547,170,250,29,689
P0061,2024-09,3429,402,304,17,159
P0092,2024-10,2277,5798,336,11,878
P0127,2024-12,4686,657,10,1,1962
P0119,2024-05,3741,2188,94,1,1364
P0068,2023-12,116,4687,296,14,213
P0120,2024-03,4409,4400,57,13,1367
P0026,2024-07,4714,1536,111,20,1492
P0066,2024-01,1493,3852,455,13,2731
P0085,2025-07,4513,4024,423,9,675
P0018,2025-01,1602,4881,405,21,2923
P0066,2024-09,2641,3452,95,8,1799
P0135,2025-01,3965,5478,265,11,1795
P0126,2024-07,833,129,422,3,1609
P0148,2025-01,2429,4298,101,16,11
P0172,2024-01,1705,1977,178,26,1060
P0121,2024-10,2726,4965,44,20,336
P0096,2025-04,4822,5996,374,21,2189
P0079,2024-04,3916,2205,374,12,1063
P0058,2024-08,306,2603,69,2,1527
P0050,2024-02,2910,502,226,19,1361
P0158,2024-04,632,2744,458,1,1854
P0126,2023-11,3241,1137,273,29,2319
P0176,2024-03,1658,3532,224,23,2105
P0071,2024-10,1564,4406,40,16,2722
P0024,2023-10,4058,2637,204,6,225
P0081,2025-09,4504,4574,102,11,2208
P0103,2024-01,865,5939,196,2,726
P0005,2023-12,766,2213,180,9,1226
P0183,2023-11,306,2724,447,19,731
P0001,2024-11,4395,491,483,19,1803
P0178,2023-12,1916,2924,45,27,1296
P0043,2024-01,3854,1246,408,13,1908
P0125,2024-07,3859,2893,323,29,1228
P0158,2023-12,4000,3996,46,1,2772
P0068,2025-04,1144,4405,246,29,524
P0197,2023-12,3701,947,284,10,2207
P0041,2023-12,1600,5048,279,15,1380
P0125,2025-09,958,2386,105,7,2216
P0149,2023-11,2443,5116,84,1,2451
P0020,2024-01,3352,4698,57,24,2304
P0148,2025-06,4601,1595,232,27,2478
P0037,2025-07,2267,2642,458,18,2862
P0081,2024-07,283,1812,282,3,86
P0073,2025-09,1803,4780,495,25,2252
P0151,2025-04,3428,2121,303,15,1768
P0127,2024-10,1534,2864,228,27,1378
P0009,2024-05,3604,2719,296,15,2691
P0081,2025-02,4819,1497,329,28,2012
P0119,2024-02,2461,5775,394,16,2369
P0091,2025-04,703,2939,170,10,687
P0063,2024-05,4477,5103,200,24,2101
P0026,2024-08,2935,5869,489,22,1666
P0039,2023-10,4534,4953,386,23,1485
P0143,2024-08,1265,3074,48,1,1356
P0190,2024-07,2901,2505,176,17,1921
P0058,2024-02,4829,621,427,27,1974
P0108,2024-04,3836,5158,389,11,200
P0031,2024-06,1287,2132,303,2,271
P0104,2025-04,4351,824,472,29,2443
P0109,2025-01,619,2825,70,26,695
P0196,2024-05,3396,3153,154,6,2225
P0117,2024-02,4321,3145,254,12,2028
P0037,2024-12,3009,4369,177,23,2753
P0062,2025-07,3304,3366,213,18,96
P0192,2025-04,2732,1152,120,3,596
P0047,2024-09,4587,1736,338,13,2637
P0199,2024-11,3132,1942,93,13,1418
P0056,2025-05,3546,5406,341,2,145
P0017,2024-04,171,232,150,28,2610
P0138,2024-07,457,981,203,2,1240
P0043,2024-07,3830,1473,65,1,2295
P0189,2024-12,3174,5259,284,13,2625
P0142,2023-10,2345,5739,220,16,2131
P0119,2024-02,3444,3279,269,1,1464
P0113,2024-06,2424,5403,328,24,2457
P0137,2025-02,929,4144,108,12,2919
P0073,2025-07,3074,2521,233,28,1481
P0011,2025-06,4326,5657,345,27,499
P0155,2024-05,3615,5303,284,26,502
P0142,2024-11,1215,2905,132,18,103
P0014,2024-03,3135,2992,213,14,1117
P0029,2024-07,2852,1197,186,26,2053
P0139,2023-11,755,1432,348,24,1335
P0143,2024-09,1468,994,76,9,1521
P0172,2024-10,4331,1405,145,16,558
P0014,2024-10,1557,5119,70,8,847
P0127,2025-07,2369,1071,460,4,18
P0003,2025-05,4405,4248,188,14,2050
P0140,2023-12,2862,2059,364,28,140
P0058,2024-07,1589,3643,367,14,2641
P0014,2025-09,1924,1648,303,25,1151
P0041,2023-09,2406,1830,483,26,808
P0017,2023-10,1495,3160,340,10,2422
P0098,2024-10,2495,830,219,1,1448
P0087,2025-01,3560,1610,299,14,2054
P0164,2024-04,4147,784,374,19,30
P0025,2024-06,1694,5042,421,3,636
P0032,2024-04,4853,2203,244,22,1023
P0151,2024-03,2853,1674,130,6,1618
P0169,2024-04,233,708,117,7,2066
P0043,2025-01,3411,376,155,26,46
P0057,2025-03,4957,1265,437,26,455
P0162,2024-12,1590,3661,300,23,1903
P0127,2024-07,1390,335,341,25,623
P0161,2024-10,1350,930,426,15,1532
P0057,2025-09,732,5015,106,13,2576
P0156,2024-09,3435,1453,416,28,2593
P0051,2025-02,1716,1913,369,10,1321
P0188,2024-12,2017,530,140,22,1492
P0135,2025-04,959,3580,296,18,284
P0130,2025-08,4384,2639,440,5,1991
P0163,2024-08,3143,4823,250,27,371
P0048,2024-04,4502,3264,236,12,1541
P0007,2023-10,2353,3293,356,13,1987
P0067,2024-08,4340,2389,132,17,2071
P0071,2023-10,2570,5312,227,19,2026
P0190,2024-12,3703,427,231,4,2030
P0183,2025-08,1577,3094,7,27,1362
P0091,2025-06,176,5662,449,15,720
P0150,2024-11,3846,4140,299,21,2647
P0156,2024-12,1489,119,426,24,1892
P0005,2023-12,4350,4979,360,20,1686
P0066,2024-05,2947,3233,336,24,973
P0048,2025-03,4805,3456,131,15,2613
P0184,2024-09,1834,965,18,8,1270
P0164,2024-08,1925,1471,161,26,1610
P0024,2025-09,2808,901,189,23,2567
P0160,2024-09,4352,436,80,9,2552
P0086,2024-03,1575,3687,344,27,2315
P0198,2025-08,4836,3223,132,14,1580
P0087,2025-06,258,1153,115,9,1394
P0174,2024-05,528,4944,336,11,1464
P0055,2025-03,436,4894,138,7,2243
P0117,2025-06,2474,1443,57,11,2307
P0143,2023-11,4052,1801,399,22,844
P0124,2024-05,1123,2142,79,3,414
P0171,2024-01,655,2882,453,17,1845
P0191,2025-06,4117,3523,229,18,1822
P0062,2023-11,1415,5019,230,11,1183
P0198,2024-04,1656,4421,246,21,771
P0150,2024-07,2426,1616,81,14,2406
P0078,2024-10,2864,2793,237,13,1798
P0025,2024-01,3149,3430,117,14,951
P0189,2024-07,2181,1547,2,25,1965
P0166,2023-11,4904,2144,273,25,2165
P0179,2024-12,4994,4374,115,23,2480
P0078,2024-11,1391,510,109,29,891
P0085,2025-08,3153,5640,134,22,1968
P0097,2023-12,2893,5919,202,26,253
P0186,2024-10,3071,3527,302,10,2639
P0009,2024-07,531,3771,142,12,2789
P0122,2025-04,4991,4856,356,23,2474
P0139,2024-08,471,932,61,11,1600
P0049,2025-07,699,5645,77,6,1925
P0197,2024-03,4401,195,22,5,853
P0088,2024-11,2670,558,163,22,1309
P0053,2024-10,2441,4451,144,17,839
P0197,2025-04,1258,3764,277,21,491
P0138,2024-10,913,3745,279,13,2485
P0002,2025-01,2704,3494,154,17,280
P0087,2024-10,3302,3016,16,21,1705
P0032,2025-06,796,2944,150,2,1351
P0193,2025-01,2516,1270,326,27,1662
P0096,2024-07,354,462,127,10,2492
P0146,2025-09,1352,5080,124,5,2725
P0016,2025-09,1796,2500,384,26,1059
P0016,2025-04,2750,2644,177,4,2600
P0165,2025-01,4168,2770,318,13,2862
P0055,2025-02,1733,232,377,20,2799
P0059,2025-03,3683,3692,305,22,982
P0055,2023-09,2358,268,90,26,2817
P0182,2025-04,3130,5884,126,8,2567
P0083,2024-01,4709,727,243,6,567
P0040,2025-06,4047,4791,353,17,1631
P0129,2024-12,3420,5038,420,11,2314
P0011,2024-12,4063,4591,364,25,2518
P0083,2025-04,2801,3643,382,4,585
P0133,2024-12,4170,5556,398,14,758
P0021,2024-06,1712,3081,109,7,1090
P0055,2024-11,3759,654,55,17,1163
P0148,2024-08,3032,3554,465,28,1980
P0122,2024-11,3494,4075,311,15,1792
P0023,2024-09,1884,4248,451,25,2765
P0010,2024-07,816,5179,284,19,1883
P0176,2024-11,4959,5033,470,13,1639
P0101,2024-06,413,529,42,3,1260
P0173,2024-10,207,2540,85,10,2689
P0034,2024-07,3655,378,147,8,1275
P0189,2024-03,3491,2946,213,18,133
P0064,2024-09,874,3717,267,25,2199
P0171,2025-07,616,4681,379,3,1827
P0108,2025-06,4420,331,364,18,641
P0085,2025-08,3919,1414,226,21,2558
P0064,2025-08,2062,1171,217,25,1945
P0168,2025-08,3420,4660,269,12,2204
P0044,2024-05,2183,3704,444,25,1395
P0111,2024-01,4195,3927,235,24,127
P0150,2024-12,1236,3750,211,8,2822
P0145,2025-05,1566,2456,99,15,1851
P0042,2025-09,2780,837,75,7,1347
P0007,2024-06,486,5489,254,19,1789
P0192,2025-08,2721,5533,188,3,2382
P0128,2024-05,4089,3239,8,5,1174
P0180,2024-03,2041,2802,352,9,1511
P0153,2025-07,835,4633,124,1,1685
P0186,2024-08,3733,1956,215,19,1255
P0022,2024-12,219,1645,456,9,1745
P0183,2023-10,2104,5358,407,23,1021
P0050,2024-04,848,4701,221,2,2405
P0174,2024-01,3192,905,196,18,1624
P0016,2025-04,1335,1460,391,17,1071
P0077,2023-10,860,4391,78,26,255
P0171,2025-01,3161,1742,428,3,270
P0163,2024-07,1916,1416,436,4,2553
P0125,2024-09,4512,5493,246,15,1082
P0058,2024-07,834,2442,275,1,2280
P0158,2025-05,4391,3079,313,14,409
P0177,2023-12,283,5259,334,13,2982
P0069,2025-08,541,106,213,16,327
P0039,2024-06,4140,5679,223,16,1178
P0061,2023-10,3688,4342,69,1,1661
P0198,2025-05,4981,1416,357,3,2986
P0102,2025-08,644,1387,366,5,748
P0128,2025-02,1904,5933,416,24,2335
P0102,2023-12,2900,1799,444,5,770
P0167,2024-01,3272,4364,138,12,1245
P0134,2025-05,4645,1973,475,15,250
P0005,2024-11,1231,548,130,7,1212
P0135,2024-01,3951,1689,365,9,144
P0079,2025-08,2752,1337,304,1,2488
P0082,2025-04,3858,2521,440,5,881
P0155,2025-02,1555,249,66,18,2566
P0151,2024-09,1914,3088,156,1,604
P0174,2025-05,3211,3899,375,15,1593
P0021,2023-09,1375,1911,10,7,2670
P0040,2025-01,1752,641,356,23,1668
P0104,2024-02,3048,4394,251,17,1121
P0194,2024-11,3591,2790,364,10,1318
P0048,2024-11,4346,5545,182,7,654
P0177,2024-02,2163,5299,106,16,2373
P0122,2024-01,1644,2922,479,6,231
P0170,2025-06,171,128,49,22,2923
P0174,2025-09,4404,538,142,12,436
P0108,2024-02,230,4709,131,17,954
P0084,2024-11,958,4411,287,11,898
P0011,2025-06,3903,509,435,10,56
P0194,2024-07,711,3088,234,7,2022
P0189,2025-03,1120,409,317,17,1842
P0143,2024-08,3838,5721,353,26,761
P0026,2025-09,883,4054,201,26,174
P0131,2024-06,1778,4204,93,12,2941
P0146,2023-11,683,5449,40,28,408
P0020,2024-11,1098,2247,209,5,1936
P0059,2025-03,3860,3889,400,1,1974
P0103,2024-09,543,5139,132,12,1897
P0138,2025-01,2019,1969,327,1,925
P0084,2024-10,3579,4913,381,13,706
P0176,2025-08,296,4069,231,12,2639
P0026,2024-10,169,3779,237,15,1513
P0177,2024-04,3452,3261,324,8,1151
P0140,2023-11,3330,2690,80,12,1785
P0071,2023-10,102,2040,486,21,1177
P0189,2025-09,3863,5440,38,27,1360
P0097,2024-08,309,5283,233,11,2344
P0108,2025-08,1187,4114,474,5,60
P0190,2024-12,4516,3044,287,27,2936
P0018,2023-11,1238,5125,390,3,2744
P0048,2024-07,2075,5971,341,27,2075
P0127,2024-07,1890,5026,331,11,2451
P0172,2025-03,1419,2327,177,18,2085
P0042,2024-03,2436,5295,87,10,2397
P0076,2024-03,2642,5267,304,20,2188
P0032,2024-12,1851,3414,426,1,908
P0164,2025-07,2898,497,144,23,2079
P0164,2025-06,2642,4025,454,24,1078
P0138,2023-12,4778,1149,495,18,2724
P0101,2025-06,3524,3462,464,16,607
P0107,2024-02,4391,1338,275,1,1935
P0169,2024-06,2694,615,474,7,1290
P0131,2025-06,4936,893,300,15,1619
P0120,2023-10,2807,5448,457,22,2570
P0048,2024-08,143,5070,453,5,1904
P0176,2024-11,4108,3837,431,15,2968
P0049,2025-02,2026,3517,415,22,1132
P0167,2023-12,449,3286,244,13,2083
P0058,2024-02,4985,3840,123,6,237
P0144,2023-10,2414,4768,135,13,1708
P0157,2024-03,1648,4337,250,25,819
P0113,2023-11,634,4928,43,29,674
P0193,2024-11,4269,280,317,20,24
P0092,2024-03,4596,5160,107,1,641
P0045,2025-01,3858,1281,338,28,1457
P0200,2025-03,4161,5241,82,4,538
P0098,2024-11,4729,5684,277,27,945
P0080,2025-07,3767,2241,418,24,2595
P0188,2024-12,3049,2793,411,28,1682
P0104,2025-02,3581,1896,160,10,1897
P0090,2024-07,1810,652,261,14,793
P0022,2025-03,4005,3271,395,4,1440
P0153,2025-01,2911,5305,96,21,899
P0088,2024-12,3842,402,305,19,1729
P0007,2025-04,1685,1402,376,6,712
P0149,2025-04,2416,3504,481,9,1089
P0065,2024-01,1916,2645,60,12,183
P0124,2024-11,4451,1353,49,14,2780
P0130,2025-04,2115,4376,75,27,1533
P0017,2024-02,737,4559,164,28,265
P0048,2024-07,886,947,371,28,2471
P0147,2024-08,532,2425,227,21,2908
P0047,2025-05,694,3495,377,18,2834
P0189,2024-05,3755,2898,194,3,2359
P0142,2023-12,3526,5300,355,3,2031
P0056,2024-07,1771,1510,230,4,1687
P0157,2023-10,2275,4902,60,19,479
P0002,2025-05,3655,1545,347,1,2565
P0011,2024-02,165,2544,498,25,2257
P0032,2025-02,1827,1562,266,15,1834
P0110,2024-11,1600,2901,335,28,1988
P0163,2023-10,1579,1893,437,27,43
P0043,2025-09,4936,4815,66,15,2156
P0073,2024-12,1997,5896,469,14,127
P0034,2024-09,4437,4431,57,7,19
P0192,2025-02,2414,2864,304,4,1794
P0047,2025-05,4778,448,462,25,2948
P0009,2023-10,1930,816,354,11,2918
P0131,2025-02,1016,5141,83,2,680
P0173,2024-03,2809,2295,426,28,1438
P0021,2024-12,4547,916,195,25,2653
P0186,2024-10,4745,3932,348,25,1869
P0123,2024-12,3050,1006,211,2,604
P0099,2025-01,958,3659,28,7,196
P0168,2025-03,1550,652,141,20,2911
P0178,2024-04,743,4314,384,15,154
P0197,2025-08,501,4780,273,5,2656
P0174,2024-08,4381,1127,208,21,2767
P0174,2024-05,4612,4750,270,25,716
P0105,2025-04,3492,1842,115,29,1137
P0170,2024-09,2766,4226,88,22,982
P0053,2024-03,1186,4719,268,17,1606
P0161,2023-11,307,3768,119,5,805
P0119,2023-10,1831,1491,480,1,207
P0150,2024-05,254,2831,23,16,1255
P0058,2023-10,4508,1082,417,15,1583
P0008,2024-11,1265,942,394,16,2851
P0137,2024-12,321,3207,484,14,259
P0139,2024-01,1516,2986,189,7,318
P0037,2023-12,1692,939,46,3,2209
P0115,2025-01,1770,4572,24,2,980
P0020,2025-05,3126,4601,104,23,2972
P0116,2024-05,4659,647,415,25,214
P0176,2024-11,1523,1737,64,21,2613
P0087,2025-06,2850,1254,28,4,2000
P0137,2024-03,2880,4273,168,29,2552
P0046,2024-03,3274,583,458,10,1514
P0124,2023-11,3634,957,21,13,957
P0026,2025-08,1272,4714,75,21,2929
P0016,2023-12,1546,520,128,7,786
P0050,2025-03,1792,1167,15,20,1235
P0084,2024-10,1139,3243,399,25,1340
P0016,2023-12,3600,5151,230,6,2170
P0088,2025-04,3130,791,130,19,2646
P0122,2023-12,3242,2279,356,12,282
P0144,2024-09,131,3926,227,18,17
P0113,2025-08,3147,3301,93,4,603
P0059,2024-04,2318,4084,252,15,1781
P0096,2024-03,4609,3416,251,9,2568
P0166,2025-09,3312,1848,2,18,856
P0190,2024-01,2776,2375,226,3,2034
P0057,2024-11,1437,769,435,19,2258
P0181,2024-01,2745,3091,286,21,1383
P0113,2024-08,4760,4558,34,5,1626
P0036,2024-01,4997,741,117,10,272
P0042,2025-03,3625,1970,433,11,639
P0054,2024-10,3587,4606,203,7,836
P0088,2023-12,4041,5112,368,1,2244
P0052,2024-10,3375,4924,477,2,1782
P0021,2025-08,1711,488,472,5,1768
P0040,2024-11,1222,2940,22,5,1308
P0144,2024-03,4644,4941,80,13,1319
P0083,2025-03,1532,1916,231,7,2773
P0020,2024-10,2925,3731,64,28,1530
P0122,2024-01,3460,5230,208,7,1181
P0124,2024-10,668,2896,373,19,1323
P0102,2023-11,4877,2166,488,20,2340
P0133,2024-05,4258,4428,234,2,2096
P0143,2025-07,1743,3445,108,12,1245
P0040,2025-05,747,4949,314,11,225
P0074,2024-11,777,3178,254,16,1597
P0075,2023-10,2475,4064,418,18,415
P0044,2023-10,4027,954,62,19,187
P0057,2024-05,357,103,145,27,1444
P0114,2024-08,4326,2296,9,16,2823
P0200,2023-12,866,1251,46,23,2136
P0040,2024-11,2071,140,122,6,43
P0110,2024-10,192,3902,378,17,2166
P0191,2024-02,289,5680,32,9,2578
P0024,2025-08,4887,1058,5,1,2942
P0098,2023-12,2400,5365,20,23,1912
P0040,2024-07,327,1594,302,29,2071
P0149,2024-09,3201,2833,413,8,1386
P0194,2025-02,1774,5597,473,6,1630
P0147,2025-05,876,5009,252,28,192
P0142,2024-03,4312,696,454,17,585
P0101,2024-05,1736,1166,20,2,197
P0020,2025-08,4343,819,485,7,1321
P0057,2024-06,3943,1173,110,14,2478
P0148,2024-05,4376,4019,369,16,2108
P0117,2024-09,237,3448,172,5,1606
P0031,2025-04,1231,5716,96,9,1952
P0029,2023-12,591,1763,373,24,1719
P0184,2024-09,4577,1412,433,4,1749
P0052,2024-05,4450,4415,386,21,2636
P0075,2024-07,1562,129,75,29,2737
P0074,2025-04,3665,993,32,14,733
P0112,2024-11,2797,4068,471,26,1392
P0018,2024-04,1682,5928,70,19,2679
P0137,2025-08,165,5212,57,18,2021
P0126,2024-11,3891,4011,71,28,810
P0061,2025-06,1490,4408,302,28,1914
P0058,2025-07,1580,3260,292,12,158
P0198,2023-12,4625,1269,181,21,1914
P0076,2025-06,3392,3055,290,4,2538
P0001,2023-11,1475,4079,62,23,1561
P0074,2024-01,2810,582,6,26,481
P0066,2025-01,4668,1408,259,13,2748
P0045,2024-07,3143,2480,289,26,2480
P0169,2025-08,1743,4982,294,17,1743
P0200,2023-12,4141,3255,213,22,1537
P0025,2024-03,282,391,288,9,345
P0158,2025-04,3858,4084,248,6,109
P0172,2024-12,3803,5610,202,9,1797
P0160,2025-02,3185,3143,8,2,229
P0134,2023-09,4452,2421,105,27,146
P0115,2024-12,662,2928,370,8,1939
P0059,2025-07,1711,3120,142,16,72
P0142,2025-07,2195,2719,91,10,2753
P0151,2024-07,2649,1099,285,9,2276
P0077,2024-03,4364,2031,489,3,2461
P0126,2025-05,1368,2994,368,6,160
P0088,2025-09,2860,3167,299,21,2621
P0126,2024-09,1308,4627,278,6,1144
P0048,2025-01,354,2838,323,12,1635
P0188,2023-10,4943,3272,461,11,142
P0047,2023-10,1755,4774,210,14,1633
P0138,2025-04,4077,3103,471,9,972
P0046,2024-09,203,4589,56,14,1593
P0074,2025-03,2256,890,428,3,2264
P0008,2024-05,1901,5351,227,24,950
P0082,2024-06,2080,5967,198,16,719
P0178,2024-11,4230,552,251,28,2806
P0076,2025-09,3532,3218,273,29,191
P0149,2023-10,1003,2430,106,23,2982
P0114,2024-10,3821,3808,172,10,1261
P0154,2023-11,1322,2849,48,11,1577
P0139,2024-10,4549,682,14,9,2050
P0011,2025-04,3620,2708,174,4,586
P0180,2025-08,147,416,240,27,414
P0158,2025-05,3410,442,121,3,2694
P0174,2024-06,3684,555,132,11,661
P0129,2024-02,3221,5633,104,9,2491
P0180,2024-02,927,3970,99,19,2061
P0015,2025-01,3200,3571,445,15,2996
P0028,2024-07,1152,4543,467,3,1606
P0191,2024-10,2163,1316,134,29,412
P0058,2024-01,4531,1902,329,1,1654
P0197,2025-05,2384,3617,192,15,402
P0173,2024-03,3595,3465,353,11,70
P0169,2023-12,2140,5690,86,20,1517
P0072,2025-09,2491,963,93,7,661
P0038,2023-12,2548,2115,489,24,410
P0038,2023-10,3902,1890,423,2,1835
P0180,2024-05,4219,354,338,26,1440
P0046,2025-05,4621,670,56,7,1480
P0053,2023-12,2616,3318,416,29,1037
P0030,2025-05,3146,4460,481,25,1809
P0132,2024-07,3733,2755,79,4,465
P0130,2024-12,4482,962,417,9,433
P0063,2025-09,4081,2938,413,26,1258
P0085,2025-03,448,3025,151,20,2154
P0189,2025-02,1092,2232,479,10,1734
P0125,2023-11,4152,2935,291,10,992
P0161,2025-04,3854,1015,15,15,681
P0121,2025-08,2226,479,338,17,2848
P0058,2025-03,2417,3858,487,27,1802
P0092,2025-03,2563,304,313,22,2809
P0169,2024-10,1900,2026,368,29,320
P0009,2025-06,612,3352,2,4,2506
P0098,2025-06,1779,536,464,14,161
P0147,2025-01,1232,3508,286,21,1159
P0093,2025-09,4190,4770,258,28,319
P0120,2025-02,4611,2305,139,8,92
P0114,2024-06,1573,295,165,18,1401
P0044,2025-03,4551,3687,173,28,1223
P0073,2025-08,3510,2312,349,12,1058
P0007,2024-01,2738,5255,487,9,1395
P0031,2024-10,104,2823,445,29,1581
P0067,2025-05,2158,5728,325,29,1831
P0136,2024-08,906,3011,332,12,1065
P0073,2024-06,3784,4013,308,3,511
P0053,2025-03,3213,4942,289,19,555
P0015,2024-12,3834,3171,132,22,1453
P0008,2025-01,2168,2062,341,14,851
P0124,2025-02,4058,3419,375,5,168
P0087,2024-05,1082,3166,456,12,654
P0193,2025-08,4480,2537,288,6,2448
P0046,2024-02,1286,1363,26,5,307
P0100,2025-02,4744,2768,395,24,1859
P0007,2024-10,3602,4317,367,9,390
P0078,2025-07,757,4164,17,18,1938
P0010,2024-07,1769,5431,174,25,587
P0085,2023-10,685,2047,169,26,1869
P0098,2025-06,2559,351,456,28,2429
P0163,2025-04,2717,1355,344,24,4
P0104,2025-01,4308,758,285,28,201
P0048,2023-12,3977,344,36,17,2451
P0191,2025-04,4407,4302,297,24,1268
P0189,2023-11,2458,3433,271,23,1606
P0097,2025-01,143,5454,26,1,791
P0141,2023-10,4090,4200,406,14,2805
P0095,2024-12,1373,2341,499,19,512
P0053,2025-03,564,3219,197,6,2582
P0099,2023-09,4096,1321,350,1,2417
P0009,2025-06,4243,5361,105,5,139
P0070,2024-05,1350,5297,77,6,579
P0195,2023-10,2073,1473,154,2,1001
P0104,2024-05,3309,3984,16,23,2919
P0142,2024-09,3134,1291,234,23,1283
P0014,2025-01,3752,769,122,27,54
P0177,2024-10,4521,3246,261,14,2362
P0193,2024-11,2285,5625,461,22,2809
P0100,2024-09,4894,998,82,6,184
P0090,2024-04,2171,2560,137,14,2748
P0138,2024-02,1971,147,119,22,645
P0039,2024-01,1196,4715,172,13,2347
P0185,2025-05,1456,788,255,29,576
P0018,2025-05,885,5627,439,9,1230
P0122,2025-06,3919,4072,286,11,588
P0074,2024-07,224,866,252,12,22
P0070,2025-01,3081,4791,218,12,920
P0069,2023-11,3099,3235,486,25,1081
P0195,2025-07,2460,3304,423,2,177
P0185,2024-12,2714,3860,2,9,2780
P0047,2024-05,4197,1321,174,18,2890
P0176,2024-12,3945,2623,91,13,689
P0189,2024-03,1332,5746,496,3,2357
P0136,2024-09,1153,3742,367,28,689
P0107,2025-04,110,189,407,14,1972
P0025,2025-04,2566,4056,484,29,2464
P0114,2025-06,4054,720,138,25,374
P0100,2023-11,1068,3704,202,19,658
P0067,2025-02,1212,440,242,4,51
P0087,2024-09,747,1644,30,14,444
P0108,2024-05,3017,530,302,5,868
P0098,2024-10,4183,5583,77,17,1111
P0117,2024-10,3257,1548,170,2,361
P0068,2024-12,1031,1691,266,11,2650
P0123,2025-01,237,5933,363,22,1940
P0047,2025-02,3652,5651,55,18,1246
P0117,2023-10,958,417,261,11,480
P0176,2025-03,4636,1980,128,18,2483
P0053,2025-08,814,3256,331,29,1778
P0019,2024-05,4914,4933,1,15,1446
P0189,2025-07,1908,3842,163,4,2258
P0026,2025-08,1326,805,456,7,156
P0089,2024-12,1102,717,335,17,2953
P0042,2023-10,3785,3019,424,28,2448
P0134,2023-12,1923,755,361,27,1440
P0060,2024-07,3624,774,481,22,1066
P0197,2024-10,3317,788,192,2,2515
P0163,2024-05,4424,5890,124,6,2436
P0100,2024-03,339,4783,288,4,1638
P0035,2024-12,1681,5017,65,23,2349
P0140,2024-05,2506,634,126,15,2431
P0090,2025-03,3928,5453,476,16,1408
P0125,2025-06,2136,4175,105,25,739
P0173,2024-04,3220,1225,371,1,1187
P0196,2024-10,1632,1652,328,12,317
P0136,2025-05,1960,1999,263,26,276
P0027,2023-10,2497,1299,219,22,916
P0028,2024-05,2254,3987,386,19,526
P0136,2024-11,3262,5225,427,23,1073
P0172,2023-11,4094,403,138,15,2612
P0182,2025-07,3951,1794,256,13,2245
P0014,2025-03,3170,5707,431,6,2192
P0169,2024-04,4887,3816,197,2,2883
P0198,2023-10,3930,4006,169,5,1400
P0105,2024-04,1429,777,460,16,2857
P0150,2025-09,4475,344,428,23,1517
P0153,2024-07,2525,4738,346,12,57
P0072,2024-10,1048,2845,470,15,1317
P0132,2024-09,4511,1140,33,20,2239
P0119,2025-05,154,3875,106,4,685
P0035,2025-01,463,4464,31,11,2366
P0115,2024-12,3152,1364,316,12,555
P0117,2025-01,3105,3128,220,10,10
P0107,2024-04,1054,2322,261,2,1943
P0119,2023-11,1071,669,359,24,1628
P0122,2025-06,1001,2699,461,16,2430
P0098,2024-04,3587,4721,461,3,2525
P0148,2023-12,734,4858,96,24,13
P0176,2024-04,755,4010,237,8,1237
P0074,2025-09,1488,3899,471,17,1367
P0117,2023-11,479,754,445,15,2112
P0180,2025-08,190,4154,290,8,1234
P0038,2023-10,4263,4492,266,29,1887
P0111,2024-01,1279,739,397,2,1284
P0048,2024-07,4242,1500,364,10,2886
P0045,2025-09,4461,442,44,22,1384
P0096,2025-07,3424,662,25,28,2430
P0118,2024-01,4896,1998,239,17,2487
P0082,2025-04,1461,4305,473,4,67
P0112,2023-11,3864,1695,295,23,324
P0033,2025-08,3879,5215,161,11,1116
P0059,2024-06,2974,2528,78,23,1317
P0015,2025-03,4723,1346,253,29,1327
P0172,2024-06,3335,5081,91,22,1053
P0035,2024-05,4214,4713,94,5,1893
P0058,2025-07,906,723,65,20,2674
P0024,2025-04,1112,5424,149,7,405
P0159,2024-08,1160,2943,424,29,1705
P0032,2025-05,3974,3315,314,5,1392
P0161,2025-05,3657,4724,226,7,1492
P0104,2024-09,3352,1297,337,17,1010
P0108,2024-02,2754,2157,235,23,2822
P0123,2024-09,1209,2718,159,2,1655
P0106,2024-06,4314,2058,290,27,789
P0139,2024-06,745,1357,110,1,2389
P0096,2023-11,3998,5585,69,16,670
P0047,2024-09,1318,1812,387,25,442
P0195,2025-04,3570,972,349,12,1666
P0008,2025-03,1044,760,241,4,229
P0161,2025-06,1741,4083,459,20,88
P0083,2024-10,1554,3324,356,27,1321
P0041,2024-08,2856,522,7,20,859
P0008,2025-06,4748,2695,308,16,2832
P0124,2024-08,1207,5838,340,2,455
P0026,2025-04,377,1285,286,19,1795
P0147,2025-08,4183,2475,21,13,1875
P0108,2024-01,2654,4209,141,19,2298
P0187,2024-09,2522,4124,200,16,407
P0137,2024-03,702,2196,32,15,2344
P0102,2024-11,1057,3514,399,29,2999
P0099,2024-06,4913,3759,17,17,2160
P0007,2024-10,4845,671,143,8,1947
P0196,2025-03,1069,2491,29,29,1569
P0006,2023-11,1502,2821,375,24,2375
P0098,2025-04,2294,861,107,3,1636
P0061,2024-03,3774,2947,395,10,1647
P0016,2024-01,2235,3405,13,7,2926
P0164,2024-04,2702,1562,103,10,2819
P0014,2025-06,894,1408,100,8,1919
P0121,2024-04,2795,4094,221,21,1261
P0135,2025-02,1972,4833,212,3,2543
P0066,2024-04,2175,4948,254,5,1445
P0031,2024-10,2703,4025,133,29,369
P0029,2025-07,3790,3498,407,17,2116
P0187,2024-04,574,971,12,11,2424
P0081,2024-10,3652,3161,179,21,2211
P0199,2024-05,4603,4703,499,28,554
P0079,2025-04,2787,106,493,28,1029
P0156,2025-02,2149,2996,380,23,2167
P0060,2025-06,245,1284,219,28,621
P0006,2025-02,4658,4217,80,15,368
P0134,2025-06,1248,5489,457,29,1836
P0027,2024-06,3360,3097,204,11,2777
P0181,2024-02,4199,3300,490,1,601
P0098,2024-02,4914,2188,224,28,762
P0078,2024-09,560,3712,326,24,1452
P0017,2025-01,1501,5044,100,29,2033
P0074,2024-02,328,4030,324,13,1147
P0113,2025-02,1487,1168,251,11,1417
P0062,2025-02,4613,984,480,7,2950
P0066,2025-01,2878,4630,97,21,783
P0056,2024-09,1552,3137,397,27,2317
P0021,2025-02,1238,2938,242,1,2841
P0099,2023-12,1730,3634,126,9,1193
P0092,2025-05,3181,2207,212,8,576
P0191,2025-04,3547,2444,337,21,1150
P0036,2024-05,310,3185,205,10,1509
P0169,2024-08,4564,2942,90,9,1854
P0173,2025-07,1906,1318,422,3,500
P0181,2024-03,4332,5326,229,29,214
P0192,2025-03,2591,5158,431,22,1153
P0084,2025-09,2169,5899,281,6,601
P0135,2024-08,2251,734,247,10,61
P0150,2024-01,4021,3693,283,9,1581
P0109,2025-01,271,482,320,11,107
P0114,2024-06,2783,1566,268,24,2637
P0148,2024-09,4591,2031,354,21,2602
P0032,2025-09,3532,1908,119,24,384
P0147,2023-09,1763,140,341,3,83
P0028,2024-06,2307,1387,172,8,2066
P0086,2025-08,3102,2518,2,13,1504
P0066,2024-07,3885,562,238,26,2035
P0198,2024-09,1478,3561,305,15,701
P0042,2025-08,4371,1941,340,3,1031
P0054,2025-02,920,3934,128,7,2662
P0067,2024-12,1561,451,354,19,509
P0064,2025-01,460,4179,51,23,880
P0024,2025-09,1804,3726,165,1,2736
P0012,2025-02,4122,2270,247,27,1877
P0069,2023-11,705,5612,9,9,1902
P0084,2024-07,3916,439,87,3,2265
P0196,2024-08,2895,653,446,16,1893
P0154,2025-05,2668,1936,245,11,717
P0016,2024-08,4500,650,238,17,561
P0147,2024-07,529,4261,307,15,178
P0031,2024-12,2871,1187,263,25,580
P0108,2024-02,3771,4149,57,14,690
P0003,2024-09,463,5408,176,9,1867
P0079,2025-03,2480,3337,387,10,340
P0055,2024-05,1782,3493,289,23,2660
P0139,2024-05,4180,5170,415,13,94
P0016,2024-10,180,4454,491,6,2768
P0115,2024-11,4983,2796,249,28,1107
P0175,2023-12,1546,654,280,13,1076
P0039,2024-02,3442,546,244,13,1432
P0107,2024-07,1371,2768,414,13,2657
P0119,2024-06,4651,3053,229,14,2438
P0052,2025-06,1784,456,393,18,2750
P0111,2024-09,1177,3515,418,23,2138
P0129,2025-05,1761,5086,423,5,385
P0160,2024-03,3092,1191,460,7,2348
P0121,2024-07,612,1226,443,22,132
P0072,2024-07,2179,2112,205,23,2755
P0019,2024-07,2107,3344,451,26,194
P0187,2024-08,1407,927,375,23,1944
P0090,2025-08,1547,2560,355,20,2864
P0169,2024-04,3326,1187,386,28,1561
P0116,2024-05,1394,5932,114,24,2807
P0011,2025-06,2848,3930,125,1,766
P0199,2023-12,2904,5069,194,29,2906
P0198,2025-03,545,2021,258,13,2859
P0153,2024-03,3797,5708,319,17,2919
P0096,2023-12,1114,4287,175,2,2720
P0161,2025-07,3082,3341,378,13,2312
P0095,2025-08,2306,545,253,24,674
P0144,2024-01,662,3165,180,29,519
P0164,2025-06,3127,129,391,16,908
P0017,2025-02,4109,4482,174,24,2755
P0173,2025-06,2850,780,60,14,2472
P0154,2023-11,4353,2681,115,7,2436
P0151,2024-07,1482,5292,26,20,107
P0173,2024-05,3562,4204,328,2,2282
P0175,2025-08,793,2291,453,18,2891
P0184,2024-04,4510,5113,19,12,2564
P0011,2024-05,2253,849,355,26,2008
P0116,2024-08,1579,4313,393,22,2700
P0115,2025-02,2509,1815,27,25,1558
P0030,2024-03,1536,3138,451,21,41
P0025,2024-08,4766,2879,179,7,2476
P0098,2024-07,261,596,129,19,548
P0108,2025-07,1560,2326,165,6,2110
P0149,2025-02,2315,5347,128,9,112
P0130,2024-12,3357,5130,426,20,1054
P0195,2025-05,4009,2876,185,4,1626
P0005,2023-11,2017,5213,191,20,1225
P0173,2025-08,2615,1555,386,3,872
P0066,2024-08,4568,2212,68,9,173
P0192,2024-02,4158,3221,117,27,2422
P0023,2024-05,2345,4625,7,5,2491
P0146,2024-01,977,390,499,4,1601
P0058,2024-07,618,2978,399,19,2543
P0060,2025-03,1225,5550,75,5,1363
P0015,2024-01,3241,3013,467,16,667
P0085,2023-10,3044,565,141,21,2936
P0197,2023-10,577,130,219,22,718
P0067,2024-01,121,2207,381,16,2414
P0008,2024-11,3923,883,288,21,983
P0166,2024-06,4916,4049,42,24,1590
P0154,2025-06,2409,3994,41,28,2137
P0064,2025-05,3817,5216,301,2,1106
P0192,2024-07,1743,4488,174,5,801
P0115,2025-07,4590,3196,110,16,915
P0127,2024-07,2494,127,343,2,320
P0074,2024-01,3336,2043,257,13,2511
P0129,2025-03,3286,3781,101,19,1064
P0042,2024-12,845,2424,232,14,1527
P0139,2025-07,448,5219,325,21,2636
P0069,2025-06,2572,5272,32,28,2135
P0129,2025-05,1981,5724,452,4,855
P0193,2025-03,715,2732,314,10,792
P0083,2024-10,269,243,171,10,2974
P0178,2024-11,2207,3414,87,14,2470
P0069,2024-11,1254,4209,411,16,2992
P0092,2023-12,112,2062,431,23,446
P0188,2024-11,4508,4018,447,25,231
P0165,2025-09,548,1081,224,11,2918
P0151,2024-10,325,1933,112,1,1208
P0005,2025-06,2127,3513,441,22,1229
P0087,2023-12,1392,609,401,21,2779
P0081,2024-11,3749,2108,88,18,2567
P0132,2023-10,1961,4025,164,20,1536
P0145,2024-07,4033,1318,284,11,633
P0123,2024-03,3934,3018,179,28,1210
P0158,2025-03,2546,5540,316,2,239
P0054,2023-09,3536,3216,371,9,2382
P0116,2025-04,3436,1238,332,11,2420
P0089,2024-05,2223,2116,180,26,2760
P0081,2023-10,682,4912,112,7,656
P0078,2025-03,3960,4768,463,15,282
P0023,2025-01,3052,1899,76,20,82
P0024,2023-11,1701,2947,147,16,1346
P0017,2024-05,1435,5117,322,29,1577
P0187,2024-10,984,4265,357,5,181
P0052,2025-03,198,1199,426,21,1138
P0046,2025-03,2838,448,441,15,2300
P0118,2024-01,1321,759,102,6,2262
P0078,2024-01,1566,3280,397,17,2366
P0187,2025-09,3930,496,267,23,1092
P0079,2024-03,3333,3344,32,12,2021
P0019,2025-08,3000,4568,336,19,1628
P0127,2024-12,2624,4331,465,10,1470
P0069,2023-10,1782,501,362,24,744
P0017,2024-08,746,4605,11,13,1820
P0097,2024-05,1518,1591,44,29,2594
P0103,2023-10,1954,388,281,1,1942
P0134,2023-10,3622,3691,411,5,1163
P0025,2024-02,2843,5843,204,9,1808
P0175,2024-03,714,5285,100,15,314
P0145,2024-08,526,2291,395,17,2029
P0033,2025-06,995,1634,312,1,2510
P0139,2024-04,1823,718,125,24,2898
P0161,2023-10,1284,840,131,5,214
P0028,2024-06,2175,3310,467,21,2229
P0106,2024-05,714,564,184,6,759
P0041,2024-08,1859,1743,265,7,2791
P0059,2024-12,2659,1881,304,11,1399
P0133,2024-01,4252,4033,44,25,1796
P0085,2025-03,4422,2795,46,18,1506
P0030,2024-09,141,4154,242,22,2038
P0174,2023-11,2376,5037,201,28,1317
P0090,2025-07,1823,1193,358,9,2698
P0056,2024-07,2045,2271,411,14,149
P0003,2025-09,3747,5540,11,10,961
P0113,2025-05,244,3294,405,17,2956
P0012,2024-04,852,1582,191,29,1817
P0135,2025-08,3371,1996,84,6,2549
P0026,2025-09,4427,2362,428,7,2665
P0172,2024-06,3031,3110,14,5,111
P0056,2024-04,4439,304,463,27,894
P0183,2024-09,4907,631,447,3,2468
P0013,2024-02,3769,1111,358,23,1714
P0153,2025-02,3037,2708,65,17,2810
P0081,2024-07,3355,5206,177,7,823
P0016,2025-07,4990,4850,462,29,1621
P0104,2025-09,1141,360,78,1,262
P0169,2025-03,179,524,214,15,1307
P0082,2023-11,3030,3768,119,6,753
P0132,2024-01,1553,2196,337,26,2405
P0040,2024-12,638,4433,220,17,800
P0051,2025-04,783,456,298,23,1128
P0183,2024-06,2052,4398,416,11,1988
P0161,2024-05,4278,5418,348,20,1016
P0126,2025-06,1248,1967,420,26,470
P0039,2025-05,4889,423,400,11,2212
P0152,2023-09,2914,378,409,21,500
P0083,2024-10,4288,5011,170,17,2274
P0063,2024-11,3617,4960,313,11,1987
P0060,2024-02,559,1701,264,24,133
P0110,2025-01,3102,1966,276,14,69
P0128,2024-04,393,4922,359,27,859
P0098,2024-08,1282,1046,243,13,588
P0052,2025-07,1536,3706,320,4,1862
P0049,2024-05,4179,4886,446,16,805
P0066,2024-10,755,4057,72,5,607
P0041,2023-10,2842,5786,493,1,1854
P0143,2024-04,1398,984,410,14,996
P0057,2024-08,4028,3777,205,13,1749
P0110,2024-02,4757,1482,35,17,1122
P0049,2024-04,3540,5392,442,15,1205
P0187,2024-11,4995,1719,350,7,2962
P0006,2024-04,732,5555,429,16,2656
P0192,2024-02,4170,724,482,6,1024
P0151,2024-06,4282,4462,285,22,1875
P0170,2025-03,2113,3089,209,23,1798
P0069,2024-09,3745,5629,272,5,1070
P0168,2025-08,1097,421,360,4,2033
P0031,2025-04,3707,412,464,9,1066
P0142,2023-10,4475,2226,307,25,641
P0198,2025-03,308,1040,113,11,2853
P0097,2025-06,2325,2393,430,13,753
P0045,2024-12,2747,848,347,3,2335
P0096,2024-04,451,1224,87,26,1348
P0012,2024-01,4567,4729,292,1,2215
P0167,2024-08,784,1917,354,4,296
P0150,2025-03,1143,3348,91,15,1643
P0078,2023-12,4955,5543,397,4,1665
P0035,2024-04,2247,3171,35,1,1578
P0099,2023-11,1720,5241,162,11,882
P0013,2025-06,3766,3721,57,25,2818
P0168,2025-04,2550,4218,433,2,1613
P0021,2025-02,1480,1468,133,7,1734
P0186,2025-06,4453,2167,445,15,1934
P0195,2025-07,4996,5892,61,26,1361
P0200,2024-05,1544,851,37,7,1632
P0142,2024-02,3009,3369,114,8,2503
P0191,2024-01,992,739,212,26,606
P0138,2024-12,2561,5679,219,17,1005
P0097,2024-09,3441,1039,264,29,375
P0072,2025-04,4200,636,12,3,1733
P0184,2024-04,1927,3934,79,12,2091
P0004,2024-09,413,4436,238,6,547
P0055,2024-06,3635,4917,366,29,2991
P0115,2025-01,752,4594,489,14,1974
P0137,2025-02,1472,861,112,1,1190
P0189,2025-06,1979,2046,22,27,2998
P0065,2025-02,4298,588,479,7,1475
P0061,2023-10,3051,1851,237,6,185
P0184,2024-09,2600,5326,32,1,2214
P0077,2024-03,1299,5707,309,15,1256
P0053,2023-10,4198,1458,44,16,1232
P0044,2025-02,3753,1917,303,12,754
P0056,2024-10,1232,2112,84,9,1167
P0094,2024-03,3956,1723,323,17,2143
P0167,2025-06,3222,606,60,5,1044
P0023,2024-11,2716,1667,482,1,76
P0149,2024-02,3213,445,105,20,356
P0103,2024-12,4224,2707,307,5,2192
P0077,2024-09,1624,1406,429,15,1139
P0141,2024-02,4556,3247,171,17,1301
P0059,2025-03,3150,4227,458,1,2596
P0026,2024-05,1349,2762,432,10,915
P0113,2024-06,794,2842,164,23,1404
P0089,2024-01,1804,2985,40,6,1148
P0175,2025-05,4628,2255,149,18,2964
P0132,2024-06,433,2032,41,29,906
P0085,2025-01,4279,5954,57,6,2282
P0071,2025-07,2302,4341,307,4,1553
P0070,2023-12,4276,4864,52,25,2531
P0070,2023-11,2343,5997,48,6,2215
P0171,2025-01,1584,3466,396,7,698
P0167,2024-01,4835,1766,189,15,1604
P0159,2025-04,332,5206,35,27,178
P0073,2025-04,2214,3152,435,21,1252
P0002,2024-10,3986,1461,296,24,227
P0007,2024-11,444,4499,164,16,632
P0001,2024-01,1485,3904,402,6,2029
P0135,2024-09,1182,2829,377,13,1350
P0009,2025-03,4465,4835,231,8,616
P0048,2023-10,1505,530,489,1,2270
P0055,2024-12,3149,3426,441,29,96
P0095,2025-04,936,1790,253,3,1756
P0060,2025-03,508,1241,374,15,2634
P0122,2025-02,2851,204,23,14,331
P0070,2024-02,415,5929,318,23,694
P0078,2025-08,1668,5954,483,29,666
P0186,2025-02,4456,2923,54,8,2286
P0049,2024-11,3991,1624,122,20,780
P0158,2024-03,3274,2421,131,14,2963
P0022,2025-08,4467,5932,24,11,195
P0004,2023-09,3942,3662,316,22,272
P0093,2024-05,2920,1496,30,20,679
P0066,2025-02,4427,4245,404,2,378
P0030,2025-05,4129,5071,93,2,2445
P0152,2024-09,4315,3133,252,17,909
P0080,2025-08,3702,5147,4,15,476
P0025,2025-01,3027,5866,323,1,346
P0065,2024-12,1518,4210,479,15,2903
P0103,2025-02,1580,2746,132,5,745
P0016,2023-12,3823,312,240,2,2052
P0055,2025-04,4750,977,399,5,460
P0155,2024-08,2890,3248,346,8,1779
P0093,2024-08,267,5379,139,13,2485
P0124,2024-10,2608,916,192,8,1156
P0119,2025-06,518,695,120,4,353
P0068,2024-02,1564,2771,449,11,2543
P0188,2025-03,1819,1576,455,12,2886
P0102,2024-08,2175,3292,426,4,1953
P0123,2024-09,2246,5528,225,12,1979
P0186,2024-06,626,4556,108,19,283
P0185,2025-07,3186,5567,152,22,1593
P0176,2025-04,2340,175,353,24,2625
P0109,2023-12,4253,5929,173,28,1905
P0108,2024-05,2735,317,239,6,667
P0041,2024-12,3594,1588,384,9,1580
P0196,2023-09,1476,4999,333,29,2149
P0162,2023-12,1912,4385,415,20,771
P0162,2024-10,450,2029,444,18,1148
P0130,2024-02,4127,5309,412,15,2175
P0001,2024-10,1805,435,47,19,215
P0087,2023-10,3382,323,375,8,321
P0037,2025-01,3152,497,82,5,1789
P0083,2025-08,1780,3542,349,28,2237
P0187,2023-12,2629,2428,278,11,933
P0171,2024-02,1444,4900,324,6,2592
P0115,2025-01,2884,2058,470,27,1204
P0187,2023-10,4145,5299,119,10,2583
P0076,2025-07,3929,452,354,11,2144
P0065,2024-02,3040,2873,436,29,481
P0013,2024-03,1470,5695,70,19,2512
P0111,2024-09,1752,1813,478,12,2554
P0001,2024-11,3417,5882,205,17,2093
P0173,2024-11,3752,3427,474,8,2515
P0074,2024-11,3922,5349,497,27,744
P0142,2025-03,3373,2034,487,21,339
P0168,2025-03,2225,3286,383,28,1750
P0150,2025-09,2141,2703,86,19,702
P0127,2023-11,1332,3855,363,11,964
P0174,2025-08,137,162,409,28,2013
P0101,2025-05,3015,3538,326,19,1428
P0047,2024-08,2647,5384,276,20,1829
P0187,2024-09,4249,3944,471,2,229
P0092,2025-09,1874,5507,208,6,2576
P0140,2023-12,2392,4666,126,9,274
P0057,2024-04,3559,2345,315,27,2842
P0065,2023-10,4701,1299,254,16,2108
P0146,2024-07,3912,1668,310,18,657
P0196,2024-05,3130,4185,124,20,2902
P0070,2025-05,2454,3916,362,9,2987
P0058,2023-12,2160,2423,200,3,2056
P0179,2023-10,3413,741,462,8,2342
P0062,2024-01,866,4663,366,6,2094
P0190,2023-11,2592,2490,323,18,2433
P0113,2025-06,3012,2006,343,12,2910
P0108,2025-08,1144,3325,350,24,1375
P0163,2025-07,2530,229,267,16,336
P0027,2024-06,2063,1061,107,19,2794
P0184,2024-01,1184,173,135,26,873
P0029,2024-10,4731,693,16,1,2382
P0043,2025-01,316,586,254,1,1128
P0117,2024-01,4474,1598,496,6,693
P0017,2024-01,2131,1224,298,22,224
P0165,2024-07,1319,2967,8,26,1465
P0040,2024-12,4297,3594,16,25,1510
P0091,2024-10,1853,2607,143,9,1007
P0185,2025-07,2464,4226,50,10,386
P0134,2025-05,4829,2220,290,12,2240
P0100,2024-11,2876,657,51,21,2307
P0187,2024-06,3753,3467,332,27,1587
P0187,2024-08,991,3965,11,17,978
P0109,2025-02,4807,2750,370,20,1088
P0117,2024-02,2849,627,93,20,893
P0199,2024-05,2373,4916,194,22,99
P0043,2025-05,1995,2883,452,13,2830
P0122,2023-11,1894,1698,228,10,960
P0128,2023-12,1139,1251,375,17,55
P0084,2025-06,1108,2556,396,19,1612
P0143,2024-04,1272,5158,268,17,1617
P0015,2025-09,2790,2633,155,11,1025
P0087,2024-12,4644,1478,120,27,1534
P0010,2024-02,4522,2662,302,13,428
P0068,2025-07,1613,1278,427,14,2622
P0033,2024-01,732,5873,446,19,1198
P0009,2024-09,1527,4740,452,26,1915
P0155,2025-02,2565,952,403,11,2386
P0190,2024-01,4369,3309,347,20,1825
P0122,2025-01,1067,4888,291,8,1133
P0011,2025-06,3900,2141,44,23,1505
P0143,2023-10,2263,564,380,4,1617
P0199,2024-09,3081,4138,111,15,686
P0090,2025-08,255,5694,124,22,1523
P0008,2025-02,392,1291,81,25,2939
P0069,2025-07,1276,4677,253,19,717
P0194,2023-11,4110,2939,184,29,1436
P0130,2023-12,4087,5357,342,24,2228
P0145,2024-07,1540,4500,346,23,1150
P0077,2024-01,2308,4045,129,19,1239
P0009,2024-02,456,3844,41,3,2058
P0071,2024-09,394,3090,103,19,1114
P0076,2024-04,2543,880,305,13,2860
P0004,2024-09,2632,704,30,1,330
P0031,2025-06,4401,4478,337,24,632
P0131,2024-04,3169,174,243,6,1300
P0041,2024-08,4980,1965,431,3,1589
P0135,2025-02,2211,2383,494,1,1443
P0194,2025-09,584,2609,214,13,2292
P0075,2024-01,3278,3384,79,25,1515
P0178,2024-05,420,2443,153,17,1769
P0060,2024-08,4198,956,24,2,769
P0199,2025-03,4172,306,484,19,892
P0047,2024-04,1065,3883,34,7,1171
P0057,2024-10,2950,3528,110,15,1462
P0084,2025-08,4982,1977,213,1,1789
P0150,2024-07,2310,5756,328,27,2570
P0022,2023-11,1977,4118,289,18,2145
P0089,2025-05,2632,4707,172,2,577
P0018,2024-11,2813,2986,22,1,1402
P0190,2024-07,1901,2844,361,17,684
P0114,2024-04,246,1577,90,7,1331
P0012,2025-07,1880,2290,73,10,1656
P0029,2024-07,973,3910,271,28,2584
P0003,2023-09,1243,4832,3,25,2448
P0181,2025-01,373,1381,181,12,1311
P0119,2025-07,4093,3055,350,13,1326
P0026,2024-10,1940,5809,67,29,1909
P0180,2023-12,4267,2072,494,29,1933
P0078,2025-02,3457,1238,113,8,2746
P0106,2025-06,4359,3938,308,9,2452
P0169,2025-04,1790,1365,397,9,2159
P0141,2025-08,1878,1701,335,29,85
P0120,2024-04,4832,2574,110,4,1674
P0168,2025-01,460,2559,338,17,2524
P0092,2023-12,439,2920,377,17,1938
P0051,2025-01,1161,5638,130,19,1263
P0096,2024-07,2357,3187,297,19,2214
P0130,2025-05,1626,393,493,16,1038
P0164,2024-10,1999,4429,194,3,542
P0014,2023-12,1497,710,177,26,2170
P0154,2024-12,1105,529,275,1,1193
P0194,2025-07,2446,4879,182,5,317
P0139,2025-04,1492,1039,193,10,2234
P0050,2024-04,4277,4827,211,18,1521
P0125,2024-03,1686,3857,52,18,944
P0071,2024-05,905,2123,409,21,2054
P0163,2025-02,2238,2352,18,26,2269
P0157,2025-06,4267,2394,372,24,2750
P0038,2024-06,1132,1956,379,27,2560
P0033,2024-11,783,1920,446,16,1424
P0075,2023-12,107,1125,372,10,1770
P0134,2024-06,1707,930,369,28,316
P0146,2024-07,2172,2740,32,3,2705
P0159,2025-03,3693,4949,110,17,2092
P0079,2025-09,3027,1493,353,1,940
P0077,2024-03,4084,2010,283,19,2641
P0133,2025-04,4379,5819,303,7,531
P0040,2024-01,851,4597,308,8,185
P0175,2025-04,1420,2411,183,22,475
P0063,2024-05,1523,639,432,7,1073
P0082,2024-12,3324,5129,461,1,165
P0043,2025-04,3713,1205,62,5,1676
P0002,2025-09,4640,1059,141,13,1148
P0076,2024-05,4669,5547,370,10,1509
P0148,2024-02,3503,5666,156,14,2215
P0113,2024-12,2445,5072,52,7,960
P0024,2024-01,4828,5256,281,4,2592
P0073,2025-02,4258,5410,378,14,766
P0110,2023-10,3522,4831,416,16,63
P0163,2023-10,4351,3155,196,10,1707
P0183,2025-04,3625,2950,105,4,2157
P0180,2025-04,4708,791,449,14,2468
P0045,2023-10,4773,1013,72,15,2059
P0047,2025-09,1470,5404,18,25,1620
P0093,2024-03,781,3679,474,3,1029
P0123,2025-02,3691,3535,121,2,1343
P0051,2024-09,3093,375,186,14,495
P0117,2024-01,3949,4818,474,13,769
P0121,2024-02,2670,2846,473,24,767
P0029,2024-07,4711,3495,228,23,2774
P0196,2025-01,1793,3837,228,26,1506
P0104,2024-09,1507,368,77,21,1006
P0178,2024-08,1160,1016,130,19,2481
P0123,2023-12,4042,3531,185,16,2026
P0014,2025-08,1470,5051,404,3,2149
P0156,2023-12,3572,2626,301,27,1808
P0058,2024-11,364,5208,100,2,9
P0033,2024-07,2770,4378,423,21,2378
P0104,2025-08,4713,4493,199,8,1918
P0072,2024-03,848,3510,69,1,935
P0051,2023-11,4184,5188,449,28,158
P0129,2023-12,4981,4038,56,27,706
P0068,2024-05,1137,3962,133,17,1182
P0029,2025-04,171,5929,374,26,1658
P0035,2024-01,4127,3087,186,12,1840
P0146,2023-12,2615,5757,294,14,2533
P0102,2024-01,4066,4783,458,25,2784
P0127,2023-12,3418,3285,125,14,2454
P0172,2024-06,2996,1942,68,17,494
P0055,2024-05,4248,4269,329,6,1599
P0114,2025-01,2196,2493,51,3,2869
P0164,2023-12,4069,776,110,25,1616
P0104,2025-06,1011,3660,358,6,2887
P0128,2024-07,4830,5985,37,24,97
P0147,2024-02,1104,3211,70,25,2108
P0177,2025-08,2557,3454,483,6,376
P0124,2024-07,2670,3236,366,4,1743
P0021,2025-04,3268,5151,465,7,2266
P0181,2025-09,4592,3795,73,4,1168
P0123,2025-09,4862,2967,184,18,1365
P0080,2024-07,2671,968,134,3,1236
P0070,2024-12,4168,2819,291,3,2820
P0090,2025-01,1826,835,478,15,2213
P0001,2025-05,3154,1067,305,25,709
P0082,2024-02,1766,1030,327,19,1895
P0001,2025-06,871,4244,295,11,1486
P0027,2024-08,658,3313,457,15,56
P0147,2025-01,2993,5406,39,5,2631
P0090,2025-02,4236,3266,306,23,1184
P0124,2025-06,2089,2179,219,22,2019
P0052,2024-11,320,2875,89,7,2607
P0198,2025-09,1523,1017,19,1,215
P0063,2025-01,3504,5112,1,22,1607
P0095,2025-03,1349,1668,365,21,627
P0110,2025-09,693,5682,470,2,151
P0122,2025-04,4764,2966,251,7,2642
P0067,2025-01,2700,3859,406,20,2466
P0084,2023-10,330,3314,80,8,1976
P0130,2024-01,4385,1857,168,27,1525
P0037,2024-05,1031,1820,184,11,2655
P0181,2023-10,2305,1435,404,23,46
P0039,2025-05,1650,2124,38,16,2545
P0123,2024-07,4213,161,153,29,2685
P0128,2023-12,832,5580,94,14,856
P0159,2024-06,1913,1451,327,19,1168
P0019,2024-12,4506,182,306,28,119
P0042,2023-11,4288,5054,70,25,370
P0179,2024-07,4895,5608,20,5,424
P0123,2025-03,4303,4688,499,3,1846
P0196,2024-01,2776,4669,57,4,1961
P0111,2024-01,1763,2801,433,11,1647
P0034,2024-02,4539,3359,22,8,1449
P0121,2025-04,2664,3234,332,27,1769
P0182,2025-09,4538,1188,118,1,2320
P0058,2023-10,2799,5891,297,29,1195
P0015,2024-04,3630,4414,297,22,2448
P0029,2023-10,2726,629,347,15,2166
P0185,2024-08,2875,3189,423,29,280
P0134,2024-09,4492,5209,410,12,2470
P0046,2024-07,1858,1036,95,24,2027
P0105,2024-09,1387,3804,147,7,1383
P0071,2025-03,229,4782,189,24,1520
P0027,2025-06,4800,4777,268,14,1390
P0129,2025-06,3101,4374,169,13,2026
P0073,2025-05,4232,1344,382,10,2251
P0150,2025-01,1843,3719,65,1,1062
P0150,2024-05,140,2770,42,19,944
P0181,2025-08,2603,5765,210,5,1998
P0124,2024-04,1159,5490,48,2,993
P0194,2025-08,3377,221,462,13,1346
P0198,2024-03,1199,2628,346,15,2356
P0113,2024-06,4798,5172,139,11,1415
P0093,2024-11,2934,4808,245,21,541
P0193,2024-11,409,494,39,8,2148
P0055,2025-04,4528,3031,457,19,209
P0111,2023-11,3072,5517,379,14,1404
P0044,2025-03,2012,605,347,12,2500
P0037,2024-02,2982,3362,119,5,1536
P0038,2024-10,4459,5900,451,17,2389
P0196,2025-01,4384,3872,131,11,382
P0005,2025-03,795,3329,91,22,931
P0023,2024-06,221,596,41,25,228
P0188,2024-12,1073,5104,235,12,1208
P0042,2024-07,4842,5934,220,1,1898
P0098,2025-01,2772,852,395,17,2685
P0152,2025-09,4088,5866,368,7,1835
P0170,2024-06,834,2061,277,12,1801
P0048,2025-07,3562,1571,67,24,2530
P0122,2024-09,2054,1238,88,29,1927
P0006,2024-06,2059,1208,369,16,1591
P0195,2024-05,4197,2553,71,12,1424
P0016,2024-10,2073,1492,220,2,567
P0157,2024-04,2502,3907,70,19,1752
P0058,2024-06,3251,5426,391,15,1332
P0131,2024-07,2861,2011,17,14,266
P0103,2025-07,111,3512,89,8,980
P0110,2025-01,1136,3912,59,6,921
P0022,2025-01,4562,1036,456,27,311
P0065,2025-03,4496,652,444,22,1119
P0159,2024-12,2628,3084,227,6,2896
P0005,2025-05,4300,2815,30,5,1649
P0119,2025-08,3753,2650,112,14,248
P0038,2025-02,2435,1806,5,4,201
P0148,2024-02,3510,2275,227,15,466
P0193,2025-04,2177,547,462,3,2662
P0087,2024-11,3208,3305,145,24,524
P0125,2024-01,2769,4005,240,19,2552
P0064,2025-05,3765,994,309,24,1984
P0196,2023-10,3525,726,167,17,1224
P0030,2024-08,679,2050,434,12,1201
P0196,2024-02,362,958,235,25,2126
P0117,2025-04,2771,1900,201,18,409
P0135,2025-03,4277,3428,455,18,1944
P0189,2024-07,2958,2162,88,18,2505
P0092,2025-06,2118,5882,481,29,2299
P0180,2025-05,145,3572,163,15,2468
P0125,2024-08,3814,3275,5,12,1761
P0159,2023-10,1030,611,22,21,1512
P0017,2024-05,1882,1318,47,16,174
P0019,2025-03,347,1221,99,2,2860
P0135,2024-03,3326,3766,403,13,1212
P0122,2024-11,1455,2970,444,19,2374
P0111,2024-12,2088,5901,86,21,1590
P0023,2025-06,4248,4959,438,15,1696
P0066,2025-09,1318,4938,342,28,2163
P0123,2025-01,1838,4115,116,25,2724
P0054,2025-07,4490,5842,291,28,885
P0076,2025-05,1769,3381,365,25,2750
P0043,2024-05,1887,1594,300,7,1110
P0139,2024-03,3313,5095,341,29,787
P0029,2024-06,1619,1101,342,29,1936
P0163,2024-05,333,3398,41,28,2086
P0061,2025-05,4723,1324,328,8,1662
P0156,2025-06,470,2212,284,14,528
P0186,2023-11,1830,3159,20,17,1205
P0135,2024-07,742,3821,229,2,476
P0127,2024-01,131,4961,445,18,2457
P0017,2025-06,3603,3650,420,23,1970
P0066,2024-01,3879,1137,164,21,2315
P0150,2024-06,1614,1471,413,5,9
P0156,2024-01,2541,926,194,6,1036
P0057,2025-03,2788,5479,288,22,1958
P0002,2023-11,866,5800,241,19,2417
P0092,2025-06,4673,4055,316,21,1060
P0189,2024-04,2646,3651,303,14,2997
P0173,2025-06,4878,1268,486,13,2999
P0021,2024-04,633,1499,426,3,581
P0184,2024-01,1548,2757,79,19,1599
P0188,2023-11,3594,3549,155,4,282
P0095,2024-12,3656,4616,19,14,2741
P0195,2024-05,173,5665,42,21,1402
P0164,2024-12,3054,1597,73,24,2970
P0169,2025-04,991,5333,242,10,1493
P0019,2025-06,826,1794,283,13,1286
P0048,2023-10,4601,4960,364,13,1452
P0135,2024-11,2664,2559,99,22,1388
P0094,2025-01,3170,5184,7,23,2501
P0139,2024-04,2809,280,102,17,2718
P0189,2023-11,4530,2951,343,16,464
P0096,2024-12,2497,2019,320,17,2502
P0115,2024-03,3887,253,400,20,2828
P0004,2025-02,3557,2175,315,8,368
P0184,2024-05,330,2080,403,18,14
P0134,2025-03,1510,3555,140,9,1962
P0190,2025-07,2183,3705,396,15,2161
P0115,2024-12,1116,3093,232,10,2910
P0158,2024-06,4182,5557,414,11,2176
P0187,2025-02,1560,1496,21,5,1834
P0043,2024-10,3250,2216,270,8,470
P0105,2023-11,1569,3424,334,4,62
P0189,2024-04,2474,3136,225,26,796
P0056,2025-04,2205,3694,46,6,637
P0058,2024-09,3716,2363,35,17,347
P0187,2023-10,4372,3614,351,29,1702
P0193,2024-12,2057,3344,268,29,1031
P0188,2025-01,278,2940,254,29,1570
P0053,2024-01,157,2783,467,6,747
P0011,2024-01,4576,4087,280,15,209
P0080,2024-09,2957,2841,52,28,1203
P0109,2024-06,4416,4080,85,23,2771
P0049,2024-01,1243,1118,194,3,1671
P0042,2025-01,4367,3334,424,21,161
P0110,2025-02,4114,4711,371,29,466
P0062,2024-03,2410,1671,28,29,998
P0194,2025-04,2408,4033,168,16,951
P0091,2025-02,2887,5184,67,11,2417
P0020,2024-05,4826,5557,465,24,1727
P0017,2025-08,2480,5708,309,25,346
P0116,2024-02,1608,1472,167,22,1617
P0172,2024-09,3272,2413,404,2,2688
P0016,2025-02,3966,3691,350,21,1619
P0058,2025-01,1813,3934,353,13,579
P0127,2025-02,1061,731,144,25,167
P0149,2024-03,988,1438,372,19,2436
P0053,2024-08,1746,5475,243,6,2211
P0082,2023-12,3081,4436,345,22,1944
P0138,2024-04,1819,3855,344,15,2042
P0123,2025-01,2594,5007,3,11,1915
P0006,2024-08,553,901,59,18,2508
P0017,2025-06,3734,4966,358,19,592
P0012,2024-07,2881,2386,251,11,2205
P0042,2025-06,2462,3429,475,25,2086
P0060,2024-07,1891,3359,421,9,2507
P0161,2025-03,2995,3089,449,25,2583
P0036,2025-03,2839,4210,51,18,1027
P0023,2025-01,4076,3270,450,3,1538
P0003,2024-10,602,3539,156,9,1950
P0121,2025-06,931,2270,411,12,954
P0067,2024-11,4843,2531,443,14,2238
P0062,2024-08,1556,362,101,13,152
P0174,2024-12,3005,4102,90,24,1418
P0009,2025-02,2284,2438,262,20,2009
P0083,2025-05,367,1704,404,26,921
P0022,2024-09,191,3348,293,11,491
P0078,2023-10,1832,2102,205,27,925
P0178,2025-08,2004,3173,115,23,1520
P0095,2023-11,2384,4357,43,5,1673
P0112,2024-09,2521,2639,214,2,1498
P0128,2024-06,374,1745,51,7,1672
P0054,2024-07,619,1904,98,14,985
P0053,2023-10,1737,2694,221,16,1731
P0033,2025-06,1141,2757,92,26,2916
P0169,2023-10,3214,5126,456,8,1141
P0092,2024-05,509,840,492,20,2380
P0021,2024-07,2098,4093,306,10,769
P0026,2024-02,1137,333,406,27,785
P0010,2024-04,2016,1418,68,8,986
P0064,2023-10,1893,1464,269,11,292
P0023,2023-10,4393,1842,270,23,2352
P0067,2025-07,1836,1079,398,19,2824
P0010,2023-12,2331,2390,125,3,2241
P0109,2024-03,1485,3269,123,12,669
P0123,2024-08,4984,5053,162,19,1590
P0001,2023-11,4189,1989,10,3,785
P0028,2024-10,1838,4726,220,7,2215
P0039,2024-08,4053,822,292,5,2155
P0118,2024-08,1347,858,71,12,805
P0107,2024-08,523,142,369,20,1036
P0078,2024-10,2046,4961,404,26,2172
P0186,2024-02,4965,869,142,24,30
P0038,2024-09,4336,5181,44,26,2102
P0065,2024-03,2535,1913,75,25,1279
P0002,2023-11,1405,4532,480,19,319
P0070,2025-07,2234,2991,238,27,1927
P0146,2025-02,1911,1913,230,13,1887
P0052,2023-11,4380,3915,7,22,2520
P0054,2023-11,4899,2871,279,4,1054
P0146,2025-04,300,934,31,28,2770
P0150,2025-09,4882,3442,70,21,141
P0175,2025-06,2700,142,280,23,56
P0076,2024-11,1056,3953,368,20,215
P0075,2025-03,1219,1197,228,24,1869
P0126,2024-02,2212,5676,429,29,75
P0111,2024-01,1452,5834,336,19,254
P0118,2024-05,4491,1697,381,27,990
P0156,2024-06,822,4694,350,7,2717
P0042,2024-01,2315,4131,126,13,2225
P0039,2024-05,3399,3501,393,19,1122
P0147,2024-05,921,536,246,2,1936
P0020,2025-01,1605,4171,106,8,166
P0068,2024-05,3578,4512,433,2,681
P0155,2024-09,3227,2712,241,9,1654
P0065,2025-02,1955,5208,183,21,985
P0091,2024-06,448,5615,455,20,790
P0046,2023-11,314,3807,0,12,2500
P0192,2024-07,786,2679,264,16,1983
P0192,2025-05,1293,636,105,25,1928
P0185,2025-05,2046,4723,303,8,2183
P0119,2025-01,446,3094,409,18,1599
P0050,2024-06,830,5208,393,21,1575
P0092,2023-12,3834,1291,217,16,2009
P0099,2024-01,4792,2936,185,1,728
P0001,2023-11,4522,682,44,2,2129
P0003,2025-08,1498,5039,273,5,907
P0004,2024-05,3895,2509,314,3,1935
P0155,2024-11,3167,949,440,10,187
P0037,2024-02,3547,5429,194,13,2971
P0023,2025-02,131,494,411,10,407
P0155,2025-03,3609,5891,336,26,869
P0089,2025-02,2211,5982,14,15,2690
P0082,2025-05,4905,2659,162,17,662
P0002,2025-03,3928,3780,425,7,465
P0010,2025-03,693,836,408,7,2865
P0172,2024-04,1109,4469,140,3,956
P0098,2025-03,985,3385,321,15,2690
P0090,2024-07,677,4841,354,14,2972
P0027,2025-09,3025,4665,56,7,1365
P0037,2024-09,4130,3433,316,5,2650
P0177,2023-12,3127,713,341,8,2860
P0029,2024-11,2783,449,209,16,1895
P0136,2024-10,1293,2395,340,18,1243
P0125,2024-05,3035,1056,394,28,1431
P0088,2024-10,1579,3545,112,23,2852
P0060,2025-07,2749,3676,249,19,1953
P0128,2023-12,4385,3457,116,10,2650
P0093,2023-11,4653,4184,56,4,2352
P0193,2023-12,4652,3665,426,1,1684
P0077,2024-03,3818,1091,112,7,1036
P0182,2025-08,2244,1524,174,13,911
P0025,2023-11,2190,320,297,11,1724
P0135,2024-09,980,5678,387,11,2537
P0022,2025-05,3184,2517,445,8,28
P0097,2024-06,3141,1614,408,29,1827
P0111,2024-04,3310,1719,289,2,1835
P0015,2023-12,4690,311,55,5,398
P0131,2024-10,2387,1387,493,21,2570
P0183,2023-09,4672,244,68,8,1290
P0125,2024-09,1374,5661,40,19,2075
P0136,2025-04,2110,707,160,18,848
P0048,2024-02,2364,4734,253,29,832
P0193,2024-03,1746,5277,43,14,249
P0095,2023-11,2251,1224,454,18,58
P0092,2024-03,2018,1046,91,17,610
P0083,2025-03,3569,2834,491,23,2106
P0082,2025-02,3185,1180,83,6,1293
P0180,2024-09,1873,2493,329,27,1058
P0118,2024-01,3034,3456,157,3,514
P0038,2024-08,1503,1858,115,25,1727
P0150,2023-09,1275,3665,379,5,2910
P0185,2025-02,3519,561,194,25,1520
P0127,2024-11,4241,2554,283,17,2532
P0105,2025-02,2608,4976,222,3,2271
P0013,2025-06,1139,4324,295,8,326
P0164,2025-03,3768,2397,102,28,856
P0054,2024-10,4410,2338,30,3,605
P0105,2025-01,2607,948,321,8,2959
P0175,2024-08,268,126,94,17,760
P0047,2024-03,4729,2493,17,27,1329
P0070,2024-09,2904,5588,9,4,920
P0072,2025-06,4434,5582,159,9,1110
P0088,2023-10,1953,5265,367,23,732
P0101,2025-04,2192,1555,327,27,390
P0038,2024-07,4960,5031,212,5,2435
P0117,2024-03,193,4081,212,1,1595
P0110,2024-12,4929,5645,170,28,2626
P0176,2025-02,294,5793,301,11,1197
P0195,2023-11,4955,4967,468,9,1596
P0022,2024-05,4707,1694,222,27,197
P0150,2023-10,538,3077,410,6,2914
P0190,2024-11,770,488,348,26,798
P0087,2025-07,1561,5251,461,16,968
P0001,2025-06,4721,3775,136,6,1763
P0191,2024-04,3321,1701,10,25,1882
P0120,2025-07,4594,2438,326,24,2172
P0042,2024-12,2837,875,132,25,286
